ID,SiteFK,Circle,Orientation,Code,Species
2786,78,4,D,DCD,"American beech"
2782,78,3,E,DBZ,"American beech"
2779,78,3,B,DBW,"American beech"
2706,2,3,D,EJK,"American beech"
2703,2,3,A,EJH,"Birch spp."
2700,2,2,C,EJO,"Paper birch"
2697,2,1,E,EJV,"American hornbeam"
3176,93,1,B,DRD,Blackgum
3683,104,2,B,EEJ,"White mulberry"
3680,109,4,C,EKN,N/A
3677,109,3,E,EKK,N/A
3674,109,3,B,EKH,N/A
3670,109,2,C,EKD,N/A
3663,109,1,A,EJW,N/A
3681,109,4,D,EKO,N/A
3678,109,4,A,EKL,N/A
3675,109,3,C,EKI,N/A
3672,109,2,E,EKF,N/A
3671,109,2,D,EKE,N/A
3647,77,9,A,DAR,Boxelder
3646,108,2,E,EJF,N/A
3645,108,2,D,EJE,N/A
3644,108,2,C,EJD,N/A
3643,108,2,B,EJC,N/A
3642,108,2,A,EJB,N/A
3641,108,1,E,EJA,N/A
3640,108,1,D,EIZ,N/A
3639,108,1,C,EIY,N/A
3638,108,1,B,EIX,N/A
3637,108,1,A,EIW,N/A
3635,77,8,C,DAO,"American hornbeam"
3634,107,5,E,EIT,Chokecherry
3633,107,5,D,EIS,"Sugar maple"
3632,107,5,C,EIR,"Hop hornbeam"
3631,107,5,B,EIQ,"Blue beech"
3630,107,5,A,EIP,"Hop hornbeam"
3629,107,4,E,EIO,"Hop hornbeam"
3628,107,4,D,EIN,"Trembling aspen"
3627,107,4,C,EIM,"Hop hornbeam"
3626,107,4,B,EIL,"Dogwood spp."
3625,107,4,A,EIK,"Sugar maple"
3624,107,3,E,EIJ,"Sugar maple"
3623,107,3,D,EII,"Common buckthorn"
3622,107,3,C,EIH,"Sugar maple"
3621,107,3,B,EIG,"Hop hornbeam"
3620,107,3,A,EIF,"Hop hornbeam"
3619,107,2,E,EIE,"Sugar maple"
3618,107,2,D,EID,"Pin cherry"
3617,107,2,C,EIC,"Hop hornbeam"
3616,107,2,B,EIB,"Sugar maple"
3615,107,2,A,EIA,"Sugar maple"
3614,107,1,E,EHZ,"Hop hornbeam"
3613,107,1,D,EHY,"Yellow birch"
3612,107,1,C,EHX,"Sugar maple"
3611,107,1,B,EHW,"Sugar maple"
3610,107,1,A,EHV,"Blue beech"
703,111,1,A,AAA,N/A
3558,105,6,E,EFV,N/A
3557,105,6,D,EFU,N/A
3556,105,6,C,EFT,N/A
3555,105,6,B,EFS,N/A
3554,105,6,A,EFR,N/A
3553,105,5,E,EFQ,N/A
3552,105,5,D,EFP,N/A
3551,105,5,C,EFO,N/A
3550,105,5,B,EFN,N/A
3549,105,5,A,EFM,N/A
3548,105,4,E,EFL,N/A
3547,105,4,D,EFK,N/A
3546,105,4,C,EFJ,N/A
3545,105,4,B,EFI,N/A
3544,105,4,A,EFH,N/A
3543,105,3,E,EFG,N/A
3542,105,3,D,EFF,N/A
3541,105,3,C,EFE,N/A
3540,105,3,B,EFD,N/A
3539,105,3,A,EFC,N/A
3538,105,2,E,EFB,N/A
3537,105,2,D,EFA,N/A
3536,105,2,C,EEZ,N/A
3535,105,2,B,EEY,N/A
3534,105,2,A,EEX,N/A
3533,105,1,E,EEW,N/A
3532,105,1,D,EEV,N/A
3531,105,1,C,EEU,N/A
3530,105,1,B,EET,N/A
3529,105,1,A,EES,N/A
3528,104,3,E,EER,"Japanese maple"
3527,104,3,D,EEQ,"Honey suckle"
3526,104,3,C,EEP,Hydrangeas
3525,104,3,B,EEO,Rhododendron
3524,104,3,A,EEN,"Weeping cherry"
3523,104,2,E,EEM,Buckthorn
3522,104,2,D,EEL,"Serviceberry spp."
3521,104,2,C,EEK,"Hackberry spp."
3520,104,-2,B,EKQ,"White mulberry"
3519,104,2,A,EEI,Buckthorn
3518,104,1,E,EEH,"White mulberry"
3517,104,1,D,EEG,Lilac
3516,104,1,C,EEF,"Hackberry spp."
3515,104,1,B,EEE,"White mulberry"
3514,104,1,A,EED,"White mulberry"
3513,103,3,E,EEC,N/A
3512,103,3,D,EEB,N/A
3511,103,3,C,EEA,N/A
3510,103,3,B,EDZ,N/A
3509,103,3,A,EDY,N/A
3508,103,2,E,EDX,N/A
3507,103,2,D,EDW,N/A
3506,103,2,C,EDV,N/A
3505,103,2,B,EDU,N/A
3504,103,2,A,EDT,N/A
3503,103,1,E,EDS,N/A
3502,103,1,D,EDR,N/A
3501,103,1,C,EDQ,N/A
3500,103,1,B,EDP,N/A
3499,103,1,A,EDO,N/A
3498,97,5,D,DWC,"Black cherry"
3494,97,4,A,DVU,"Black cherry"
3493,102,5,E,EDI,N/A
3492,102,5,D,EDH,N/A
3491,102,5,C,EDG,N/A
3490,102,5,B,EDF,N/A
3489,102,5,A,EDE,N/A
3488,102,4,E,EDD,N/A
3487,102,4,D,EDC,N/A
3486,102,4,C,EDB,N/A
3485,102,4,B,EDA,N/A
3484,102,4,A,ECZ,N/A
3483,102,3,E,ECY,N/A
3482,102,3,D,ECX,N/A
3481,102,3,C,ECW,N/A
3480,102,3,B,ECV,N/A
3479,102,3,A,ECU,N/A
3478,102,2,E,ECT,N/A
3477,102,2,D,ECS,N/A
3476,102,2,C,ECR,N/A
3475,102,2,B,ECQ,N/A
3474,102,2,A,ECP,N/A
3473,102,1,E,ECO,N/A
3472,102,1,D,ECN,N/A
3471,102,1,C,ECM,N/A
3470,102,1,B,ECL,N/A
3469,102,1,A,ECK,N/A
3436,63,4,D,CCS,"Vaccineum stamineum"
3434,63,4,A,CCP,"Hickory spp."
3432,63,1,D,CCD,"White oak"
3431,63,1,C,CCC,N/A
3429,63,1,A,CCA,"Cherry and plum spp."
3368,99,1,A,DYN,"Live oak"
3317,96,3,A,DWO,"Norway maple"
3318,96,3,B,DWP,"Viburnum trilobum"
3319,96,3,C,DWQ,"Viburnum trilobum"
3281,96,2,E,DVE,"Viburnum nudum"
3280,96,2,D,DVD,"Cornus stolonifera"
3279,96,2,C,DVC,"Viburnum nudum"
3278,96,2,B,DVB,"American hornbeam"
3277,96,2,A,DVA,"American hornbeam"
3276,96,1,E,DUZ,"Vibirnum dentatum"
3275,96,1,D,DUY,"Vaccinium spp"
3274,96,1,C,DUX,"Viburnum nudum"
3273,96,1,B,DUW,"Rhus glabra"
3272,96,1,A,DUV,"Hamamelis virginiana"
3271,95,7,E,DUU,"Striped maple"
3270,95,7,D,DUT,"Viburnum cassinoide"
3269,95,7,C,DUS,Rhododendron
3268,95,7,B,DUR,"Hamamelis virginiana"
3267,95,7,A,DUQ,"Scarlet oak"
3228,95,1,D,DTD,"Aesculus parviflora"
3245,2,1,B,EJS,N/A
3244,95,4,E,DTT,"Rhododendron sp"
3242,95,4,C,DTR,"Flowering dogwood"
3241,95,4,B,DTQ,"Halesia tetraptera"
3238,95,3,D,DTN,Ginkgo
3237,95,3,C,DTM,"Malus sargentii"
3236,95,3,B,DTL,"Malus sargentii"
3235,95,3,A,DTK,"Malus sargentii"
3231,95,2,B,DTG,"Aesculus hippocastanum"
2764,77,12,B,DBH,Sweetgum
3174,2,1,C,EJT,"Bigleaf maple"
3132,91,2,E,DPL,N/A
3131,91,2,D,DPK,N/A
3130,91,2,C,DPJ,N/A
3129,91,2,B,DPI,N/A
3128,91,2,A,DPH,N/A
3127,91,1,E,DPG,N/A
3126,91,1,D,DPF,N/A
3125,91,1,C,DPE,N/A
3124,91,1,B,DPD,N/A
3123,91,1,A,DPC,N/A
3122,90,2,E,DPB,Sourwood
3121,90,2,D,DPA,"White oak"
3120,90,2,C,DOZ,"Maple spp."
3119,90,2,B,DOY,Sweetgum
3118,90,2,A,DOX,"American beech"
3117,90,1,E,DOW,"Elm spp."
3116,90,1,D,DOV,"American beech"
3115,90,1,C,DOU,"Red maple"
3114,90,1,B,DOT,"Oak spp."
3113,90,1,A,DOS,"Hickory spp."
3112,61,10,E,DOR,N/A
3111,61,10,D,DOQ,N/A
3110,61,10,C,DOP,N/A
3109,61,10,B,DOO,N/A
3108,61,10,A,DON,N/A
3107,61,9,E,DOM,N/A
3106,61,9,D,DOL,N/A
3105,61,9,C,DOK,N/A
3104,61,9,B,DOJ,N/A
3103,61,9,A,DOI,N/A
3102,61,8,E,DOH,N/A
3101,61,8,D,DOG,N/A
3100,61,8,C,DOF,N/A
3099,61,8,B,DOE,N/A
3098,61,8,A,DOD,N/A
3097,61,7,E,DOC,N/A
3096,61,7,D,DOB,N/A
3095,61,7,C,DOA,N/A
3094,61,7,B,DNZ,N/A
3093,61,7,A,DNY,N/A
3087,89,2,E,DNS,"Autumn olive"
3086,89,2,D,DNR,"Sugar maple"
3085,89,2,C,DNQ,Blackhaw
3084,89,2,B,DNP,"American beech"
3083,89,2,A,DNO,"Sugar maple"
3082,89,1,E,DNN,"Yellow buckeye"
3081,89,1,D,DNM,"American elm"
3080,89,1,C,DNL,Spicebush
3079,89,1,B,DNK,"American beech"
3078,89,1,A,DNJ,"Yellow buckeye"
3077,88,2,E,DNI,"White-cedar spp."
3076,88,2,D,DNH,"Winged elm"
3075,88,2,C,DNG,Yellow-poplar
3074,88,2,B,DNF,"Sugar maple"
3073,88,2,A,DNE,"Magnolia spp."
3072,88,1,E,DND,"Winged elm"
3071,88,1,D,DNC,"Lonicera japonica"
3070,88,1,C,DNB,"Lonicera japonica"
3069,88,1,B,DNA,"Lonicera japonica"
3068,88,1,A,DMZ,"Winged elm"
3067,87,3,E,DMY,N/A
3066,87,3,D,DMX,N/A
3065,87,3,C,DMW,N/A
3064,87,3,B,DMV,N/A
3063,87,3,A,DMU,N/A
3062,87,2,E,DMT,N/A
3061,87,2,D,DMS,N/A
3060,87,2,C,DMR,N/A
3059,87,2,B,DMQ,N/A
3058,87,2,A,DMP,N/A
3057,87,1,E,DMO,N/A
3056,87,1,D,DMN,N/A
3055,87,1,C,DMM,N/A
3054,87,1,B,DML,N/A
3053,87,1,A,DMK,N/A
3052,86,4,E,DMJ,"Red maple"
3051,86,4,D,DMI,"Black cherry"
3050,86,4,C,DMH,"Black cherry"
3049,86,4,B,DMG,"Black cherry"
3048,86,4,A,DMF,"Black cherry"
3047,86,3,E,DME,"Black cherry"
3046,86,3,D,DMD,"Black cherry"
3045,86,3,C,DMC,"Black cherry"
3044,86,3,B,DMB,"Black cherry"
3043,86,3,A,DMA,"Black cherry"
3042,86,2,E,DLZ,"Eastern redbud"
3041,86,2,D,DLY,Pear
3040,86,2,C,DLX,"Crepe myrtle"
3039,86,2,B,DLW,"Northern red oak"
3038,86,2,A,DLV,"Northern red oak"
3037,86,1,E,DLU,"American beech"
3036,86,1,D,DLT,"Northern red oak"
3035,86,1,C,DLS,"Black cherry"
3034,86,1,B,DLR,Ironwood
3033,86,1,A,DLQ,"Red maple"
3032,85,3,E,DLP,N/A
3031,85,3,D,DLO,N/A
3030,85,3,C,DLN,N/A
3029,85,3,B,DLM,N/A
3028,85,3,A,DLL,N/A
3027,85,2,E,DLK,N/A
3026,85,2,D,DLJ,N/A
3025,85,2,C,DLI,N/A
3024,85,2,B,DLH,N/A
3023,85,2,A,DLG,N/A
3022,85,1,E,DLF,N/A
3021,85,1,D,DLE,N/A
3020,85,1,C,DLD,N/A
3019,85,1,B,DLC,N/A
3018,85,1,A,DLB,N/A
3017,61,5,E,DLA,N/A
3016,61,5,D,DKZ,N/A
3015,61,5,C,DKY,N/A
3014,61,5,B,DKX,N/A
3013,61,5,A,DKW,N/A
1116,154,1,A,APX,N/A
2937,55,20,E,DHY,"Red maple"
2936,55,20,D,DHX,"Red maple"
2935,55,20,C,DHW,"Florida maple"
2934,55,20,B,DHV,Sourwood
2933,55,20,A,DHU,"Red maple"
2932,55,19,E,DHT,"American beech"
2931,55,19,D,DHS,"American beech"
2930,55,19,C,DHR,"American beech"
2929,55,19,B,DHQ,"American beech"
2928,55,19,A,DHP,"American hornbeam"
2927,55,18,E,DHO,N/A
2926,55,18,D,DHN,"Umbrella magnolia"
2925,55,18,C,DHM,"American beech"
2924,55,18,B,DHL,"Red maple"
2923,55,18,A,DHK,"Viburnum rufidulum"
2922,55,17,E,DHJ,"American beech"
2918,55,17,A,DHF,"Willow oak"
2915,55,16,C,DHC,"Swamp chestnut oak"
2914,55,16,B,DHB,"Pignut hickory"
2912,55,15,E,DGZ,"Blueberry vaccinium sp."
2911,55,15,D,DGY,"American hornbeam"
2910,55,15,C,DGX,"American hornbeam"
2882,55,-9,E,BDA,"Common serviceberry"
2881,55,-9,D,BCZ,Sweetgum
2880,55,-9,C,BCY,"Maple leaf viburnum"
2879,55,-9,B,BCX,"Red maple"
2878,55,-9,A,BCW,"Red maple"
2877,55,-8,E,BCV,"Chestnut oak"
2876,55,-8,D,BCU,"American holly"
2875,55,-8,C,BCT,"American beech"
2874,55,-8,B,BCS,Sourwood
2873,55,-8,A,BCR,"Red maple"
2763,77,12,A,DBG,Sweetgum
2762,77,11,E,DBF,"Common persimmon"
2761,77,11,D,DBE,"Common persimmon"
2760,77,11,C,DBD,"American sycamore"
2759,77,11,B,DBC,"Red maple"
1481,40,1,A,BDY,Sweetgum
1482,40,1,B,BDZ,Sweetgum
1483,40,1,C,BEA,Sweetgum
1484,40,1,D,BEB,Sweetgum
1485,40,1,E,BEC,N/A
1486,40,2,A,BED,Sweetgum
1487,40,2,B,BEE,"Red maple"
1488,40,2,C,BEF,Sweetgum
1489,40,2,D,BEG,Sweetgum
1490,40,2,E,BEH,Sweetgum
1491,40,3,A,BEI,Sweetgum
1492,40,3,B,BEJ,N/A
1493,40,3,C,BEK,Sweetgum
1494,40,3,D,BEL,Sweetgum
1495,40,3,E,BEM,Sweetgum
1496,40,4,A,BEN,"Flowering dogwood"
1497,40,4,B,BEO,Sweetgum
1498,40,4,C,BEP,Sweetgum
1499,40,4,D,BEQ,Sweetgum
1500,40,4,E,BER,Sweetgum
1501,40,5,A,BES,Sweetgum
1502,40,5,B,BET,N/A
1503,40,5,C,BEU,Sweetgum
1504,40,5,D,BEV,Sweetgum
1505,40,5,E,BEW,Sweetgum
1506,40,6,A,BEX,N/A
1507,40,6,B,BEY,N/A
1508,40,6,C,BEZ,N/A
1509,40,6,D,BFA,N/A
1510,40,6,E,BFB,N/A
1560,44,4,E,BGZ,N/A
1559,44,4,D,BGY,N/A
1558,44,4,C,BGX,N/A
1557,44,4,B,BGW,N/A
1556,44,4,A,BGV,N/A
1555,44,3,E,BGU,N/A
1554,44,3,D,BGT,N/A
1553,44,3,C,BGS,N/A
1552,44,3,B,BGR,N/A
1551,44,3,A,BGQ,N/A
1550,44,2,E,BGP,N/A
1549,44,2,D,BGO,N/A
1548,44,2,C,BGN,N/A
1547,44,2,B,BGM,N/A
1546,44,2,A,BGL,N/A
1545,44,1,E,BGK,N/A
1544,44,1,D,BGJ,N/A
1543,44,1,C,BGI,N/A
1542,44,1,B,BGH,N/A
1541,44,1,A,BGG,N/A
1561,44,5,A,BHA,N/A
1562,44,5,B,BHB,N/A
1563,44,5,C,BHC,N/A
1564,44,5,D,BHD,N/A
1565,44,5,E,BHE,N/A
1566,44,6,A,BHF,N/A
1567,44,6,B,BHG,N/A
1568,44,6,C,BHH,N/A
1569,44,6,D,BHI,N/A
1570,44,6,E,BHJ,N/A
1571,45,1,A,BHK,N/A
1572,45,1,B,BHL,N/A
1573,45,1,C,BHM,N/A
1574,45,1,D,BHN,N/A
1575,45,1,E,BHO,N/A
1576,45,2,A,BHP,N/A
1577,45,2,B,BHQ,N/A
1578,45,2,C,BHR,N/A
1579,45,2,D,BHS,N/A
1580,45,2,E,BHT,N/A
1581,46,1,A,BHU,N/A
1582,46,1,B,BHV,N/A
1583,46,1,C,BHW,N/A
1584,46,1,D,BHX,N/A
1585,46,1,E,BHY,N/A
1586,46,2,A,BHZ,N/A
1587,46,2,B,BIA,N/A
1588,46,2,C,BIB,N/A
1589,46,2,D,BIC,N/A
1590,46,2,E,BID,N/A
1591,46,3,A,BIE,N/A
1592,46,3,B,BIF,N/A
1593,46,3,C,BIG,N/A
1594,46,3,D,BIH,N/A
1595,46,3,E,BII,N/A
1596,46,4,A,BIJ,N/A
1597,46,4,B,BIK,N/A
1598,46,4,C,BIL,N/A
1599,46,4,D,BIM,N/A
1600,46,4,E,BIN,N/A
2784,78,4,B,DCB,"Red maple"
2783,78,4,A,DCA,"American beech"
2780,78,3,C,DBX,Blackgum
2707,2,3,E,EJL,"Sugar maple"
2704,2,3,B,EJI,"Black cherry"
2701,2,2,D,EJP,Honeylocust
2698,2,2,A,EJM,Sweetgum
2694,2,-1,B,DTU,N/A
1852,55,1,A,BSF,"White oak"
3667,109,1,E,EKA,N/A
3682,109,4,E,EKP,N/A
3679,109,4,B,EKM,N/A
3676,109,3,D,EKJ,N/A
3673,109,3,A,EKG,N/A
3669,109,2,B,EKC,N/A
3668,109,2,A,EKB,N/A
3666,109,1,D,EJZ,N/A
3665,109,1,C,EJY,N/A
3636,101,1,A,EBG,"White ash"
704,111,1,B,AAB,N/A
3609,67,4,E,CKG,"Live oak"
3608,106,10,E,EHT,"Beaked hazel"
3607,106,10,D,EHS,"Beaked hazel"
3606,106,10,C,EHR,"Beaked hazel"
3605,106,10,B,EHQ,"Serviceberry spp."
3604,106,10,A,EHP,"Beaked hazel"
3603,106,9,E,EHO,"Speckled alder"
3602,106,9,D,EHN,"Red maple"
3601,106,9,C,EHM,"Speckled alder"
3600,106,9,B,EHL,"Speckled alder"
3599,106,9,A,EHK,"White elm"
3598,106,8,E,EHJ,"Speckled alder"
3597,106,8,D,EHI,Chokecherry
3596,106,8,C,EHH,"White elm"
3595,106,8,B,EHG,"White elm"
3594,106,8,A,EHF,Chokecherry
3593,106,7,E,EHE,"Sugar maple"
3592,106,7,D,EHD,"Red elderberry"
3591,106,7,C,EHC,"Choke cherry"
3590,106,7,B,EHB,"Red elderberry"
3589,106,7,A,EHA,Chokecherry
3588,106,6,E,EGZ,"Red osier dogwood"
3587,106,6,D,EGY,"White birch"
3586,106,6,C,EGX,Chokecherry
3585,106,6,B,EGW,"Red osier dogwood"
3584,106,6,A,EGV,"Red osier dogwood"
3583,106,5,E,EGU,"Eastern white pine"
3582,106,5,D,EGT,"White spruce"
3581,106,5,C,EGS,"Tamarack (native)"
3580,106,5,B,EGR,"Red osier dogwood"
3579,106,5,A,EGQ,"White birch"
3578,106,4,E,EGP,"White birch"
3577,106,4,D,EGO,"White birch"
3576,106,4,C,EGN,"White birch"
3575,106,4,B,EGM,"White birch"
3574,106,4,A,EGL,"White birch"
3573,106,3,E,EGK,"White spruce"
3572,106,3,D,EGJ,"Serviceberry spp."
3571,106,3,C,EGI,"Serviceberry spp."
3570,106,3,B,EGH,"Pin cherry"
3569,106,3,A,EGG,"Red elderberry"
3568,106,2,E,EGF,"Sugar maple"
3567,106,2,D,EGE,"Sugar maple"
3566,106,2,C,EGD,"Sugar maple"
3565,106,2,B,EGC,"Sugar maple"
3564,106,2,A,EGB,"Sugar maple"
3563,106,1,E,EGA,"Beaked hazel"
3562,106,1,D,EFZ,"Black ash"
3561,106,1,C,EFY,"Green ash"
3560,106,1,B,EFX,"Beaked hazel"
3559,106,1,A,EFW,"Beaked hazel"
3497,97,5,C,DWB,"American chestnut"
3496,97,4,E,DVY,"American chestnut"
3495,97,4,C,DVW,"American chestnut"
3468,101,6,E,ECJ,"Sour cherry"
3467,101,6,D,ECI,"Eastern redbud"
3466,101,6,C,ECH,"Cherry and plum spp."
3465,101,6,B,ECG,"Sugar maple"
3464,101,6,A,ECF,"Sugar maple"
3463,101,5,E,ECE,"American elm"
3462,101,5,D,ECD,"Hickory spp."
3461,101,5,C,ECC,"American basswood"
3460,101,5,B,ECB,"American elm"
3459,101,5,A,ECA,"Sugar maple"
3458,101,4,E,EBZ,"Sugar maple"
3457,101,4,D,EBY,"Sugar maple"
3456,101,4,C,EBX,"Norway maple"
3455,101,4,B,EBW,"Norway maple"
3454,101,4,A,EBV,"Norway maple"
3453,101,3,E,EBU,"Cherry and plum spp."
3452,101,3,D,EBT,"American elm"
3451,101,3,C,EBS,"Cherry and plum spp."
3450,101,3,B,EBR,"Norway maple"
3449,101,3,A,EBQ,"Norway maple"
3448,101,2,E,EBP,"Rhus glabra"
3447,101,2,D,EBO,"Rhus glabra"
3446,101,2,C,EBN,"Rhus glabra"
3445,101,2,B,EBM,"Rhus glabra"
3444,101,2,A,EBL,"Black walnut"
3443,101,1,E,EBK,"Rhamnus cathartica"
3442,101,1,D,EBJ,"Rhamnus cathartica"
3441,101,1,C,EBI,"Rhamnus cathartica"
3440,101,1,B,EBH,"Cherry and plum spp."
3439,101,-1,A,EIV,"White ash"
3438,63,5,A,CCU,Sourwood
3437,63,4,E,CCT,"Simplocos tinctoria"
3435,63,4,B,CCQ,Yellow-poplar
3433,63,1,E,CCE,"Walnut spp."
3430,63,1,B,CCB,"White oak"
3428,63,6,B,CDA,"Carolina hemlock"
3427,100,10,E,EAU,Honeysuckle
3426,100,10,D,EAT,"Black ash"
3425,100,10,C,EAS,"Common serviceberry"
3424,100,10,B,EAR,"Tatarian honeysuckle"
3423,100,10,A,EAQ,"Red maple"
3422,100,9,E,EAP,"Eastern hophornbeam"
3421,100,9,D,EAO,"Dogwood spp."
3420,100,9,C,EAN,"Dogwood spp."
3419,100,9,B,EAM,"Sugar maple"
3418,100,9,A,EAL,"Dogwood spp."
3417,100,8,E,EAK,"American beech"
3416,100,8,D,EAJ,"American beech"
3415,100,8,C,EAI,"Sugar maple"
3414,100,8,B,EAH,Huckleberry
3413,100,8,A,EAG,"American beech"
3412,100,7,E,EAF,"Eastern hophornbeam"
3411,100,7,D,EAE,"Eastern hophornbeam"
3410,100,7,C,EAD,"Dogwood spp."
3409,100,7,B,EAC,"Dogwood spp."
3408,100,7,A,EAB,"Dogwood spp."
3407,100,6,E,EAA,"Sugar maple"
3406,100,6,D,DZZ,"White ash"
3405,100,6,C,DZY,"Sugar maple"
3404,100,6,B,DZX,Hazelnut
3403,100,6,A,DZW,"Dogwood spp."
3402,100,5,E,DZV,"Hop hornbeam"
3401,100,5,D,DZU,"Sugar maple"
3400,100,5,C,DZT,Hop-hornbeam
3399,100,5,B,DZS,"American beech"
3398,100,5,A,DZR,"Blue beech"
3397,100,4,E,DZQ,"Trembling aspen"
3396,100,4,D,DZP,"Willow spp."
3395,100,4,C,DZO,"Yellow birch"
3394,100,4,B,DZN,"Black cherry"
3393,100,4,A,DZM,"Trembling aspen"
3392,100,3,E,DZL,"White ash"
3391,100,3,D,DZK,"Dogwood spp."
3390,100,3,C,DZJ,"White ash"
3389,100,3,B,DZI,"Dogwood spp."
3388,100,3,A,DZH,"Sugar maple"
3387,100,2,E,DZG,"Sugar maple"
3386,100,2,D,DZF,"Sugar maple"
3385,100,2,C,DZE,"Eastern hophornbeam"
3384,100,2,B,DZD,"American basswood"
3383,100,2,A,DZC,"Northern red oak"
3382,100,1,E,DZB,"Red-osier dogwood"
3381,100,1,D,DZA,"Common serviceberry"
3380,100,1,C,DYZ,"Red-osier dogwood"
3379,100,1,B,DYY,"White cedar"
3378,100,1,A,DYX,"Bur oak"
3377,99,2,E,DYW,"Live oak"
3376,99,2,D,DYV,"Live oak"
3375,99,2,C,DYU,"Vaccinium caesariense"
3374,99,2,B,DYT,"Myrica cerifera"
3373,99,2,A,DYS,"Live oak"
3372,99,1,E,DYR,"Vaccinium caesariense"
3371,99,1,D,DYQ,"Live oak"
3370,99,1,C,DYP,"Live oak"
3369,99,1,B,DYO,"Myrica cerifera"
3367,96,3,D,DWR,"Ilex verticillata"
3366,96,6,E,DYL,"Apple spp."
3365,96,6,D,DYK,"Apple spp."
3364,96,6,C,DYJ,"Basswood spp."
3363,96,6,B,DYI,"Basswood spp."
3362,96,6,A,DYH,"White ash"
3361,96,5,E,DYG,"Norway maple"
3360,96,5,D,DYF,"Norway maple"
3359,96,5,C,DYE,"Norway maple"
3358,96,5,B,DYD,"White ash"
3357,96,5,A,DYC,"American beech"
3356,96,4,E,DYB,"Apple spp."
3355,96,4,D,DYA,"Viburnum lentago"
3354,96,4,C,DXZ,"Common serviceberry"
3353,96,4,B,DXY,"Hamamelis virginiana"
3352,96,4,A,DXX,"Dogwood spp."
3351,98,6,E,DXW,N/A
3350,98,6,D,DXV,N/A
3349,98,6,C,DXU,N/A
3348,98,6,B,DXT,N/A
3347,98,6,A,DXS,N/A
3346,98,5,E,DXR,N/A
3345,98,5,D,DXQ,N/A
3344,98,5,C,DXP,N/A
3343,98,5,B,DXO,N/A
3342,98,5,A,DXN,N/A
3341,98,4,E,DXM,N/A
3340,98,4,D,DXL,N/A
3339,98,4,C,DXK,N/A
3338,98,4,B,DXJ,N/A
3337,98,4,A,DXI,N/A
3336,98,3,E,DXH,N/A
3335,98,3,D,DXG,N/A
3334,98,3,C,DXF,N/A
3333,98,3,B,DXE,N/A
3332,98,3,A,DXD,N/A
3331,98,2,E,DXC,N/A
3330,98,2,D,DXB,N/A
3329,98,2,C,DXA,N/A
3328,98,2,B,DWZ,N/A
3327,98,2,A,DWY,N/A
3326,98,1,E,DWX,N/A
3325,98,1,D,DWW,N/A
3324,98,1,C,DWV,N/A
3323,98,1,B,DWU,N/A
3322,98,1,A,DWT,N/A
3320,96,-3,D,DYM,"Ilex verticillata"
3321,96,3,E,DWS,"Malus siberica"
3311,97,6,E,DWI,"Black cherry"
3310,97,6,D,DWH,"American chestnut"
3309,97,6,C,DWG,"Red maple"
3308,97,6,B,DWF,"Oak spp."
3307,97,6,A,DWE,"Oak spp."
3306,97,5,E,DWD,"Highbush blueberry"
3305,97,-5,D,EDN,N/A
3304,97,-5,C,EDM,N/A
3303,97,5,B,DWA,Sassafras
3302,97,5,A,DVZ,N/A
3301,97,-4,E,EDL,N/A
3300,97,4,D,DVX,"Highbush blueberry"
3299,97,-4,C,EDK,N/A
3298,97,4,B,DVV,"Oak spp."
3297,97,-4,A,EDJ,N/A
3296,97,3,E,DVT,N/A
3295,97,3,D,DVS,"Black cherry"
3294,97,3,C,DVR,"Red maple"
3293,97,3,B,DVQ,"Red maple"
3292,97,3,A,DVP,"Oak spp."
3291,97,2,E,DVO,"Oak spp."
3290,97,2,D,DVN,"Red maple"
3289,97,2,C,DVM,"Red maple"
3288,97,2,B,DVL,"Highbush blueberry"
3287,97,2,A,DVK,"Oak spp."
3286,97,1,E,DVJ,"Black cherry"
3285,97,1,D,DVI,"Red maple"
3284,97,1,C,DVH,"Black cherry"
3283,97,1,B,DVG,"Black cherry"
3282,97,1,A,DVF,"Black cherry"
3266,95,6,E,DUP,"Rhododendron sp"
3265,95,6,D,DUO,"Cornus mas"
3264,95,6,C,DUN,"Red maple"
3263,95,6,B,DUM,"Kalopanax septemlobus"
3262,95,6,A,DUL,"Acer x freemanii"
3261,95,5,E,DUK,"Ulmus sp."
3260,95,5,D,DUJ,Honeysuckle
3259,95,5,C,DUI,"Hydrangea quercifolia"
3258,95,5,B,DUH,"Aesculus parviflora"
3257,95,5,A,DUG,"Common persimmon"
3256,54,6,E,DUF,"Sugar maple"
3255,54,6,D,DUE,"Sugar maple"
3254,54,6,C,DUD,"Sugar maple"
3253,54,6,B,DUC,"Green ash"
3252,54,6,A,DUB,"Sugar maple"
3251,54,5,E,DUA,"Sugar maple"
3250,54,5,D,DTZ,"Sugar maple"
3249,54,5,C,DTY,"Sugar maple"
3248,54,5,B,DTX,"Black maple"
3247,54,5,A,DTW,"Black maple"
3246,72,1,C,CPJ,"American yellowwood"
3239,95,3,E,DTO,"Sugar maple"
3232,95,2,C,DTH,"Aesculus hippocastanum"
3243,95,4,D,DTS,"Tilia cordata"
3240,95,4,A,DTP,"Tilia x europaea"
3234,95,2,E,DTJ,"Viburnum dilatatum"
3233,95,2,D,DTI,"Stewartia rostrata"
3184,93,2,E,DRL,"Eastern redbud"
3183,93,2,D,DRK,Yellow-poplar
3182,93,2,C,DRJ,"Red osier dogwood (cornus sericea)"
3181,93,2,B,DRI,"American sycamore"
2773,78,2,A,DBQ,"Red oak"
2772,78,1,E,DBP,Spicebush
2771,78,1,D,DBO,Pawpaw
2770,78,1,C,DBN,"Winged elm"
2769,78,1,B,DBM,Spicebush
2768,78,1,A,DBL,Spicebush
2767,77,12,E,DBK,Sweetgum
2766,77,12,D,DBJ,Sweetgum
2765,77,12,C,DBI,"Hazel alder"
3180,93,2,A,DRH,Hackberry
3179,93,1,E,DRG,"White oak"
3178,93,1,D,DRF,"Black cherry"
3177,93,1,C,DRE,"American holly"
3175,93,1,A,DRC,Sassafras
3172,92,4,E,DQZ,"Black walnut"
3171,92,4,D,DQY,"Elm spp."
3170,92,4,C,DQX,"Ash spp."
3169,92,4,B,DQW,"Elm spp."
3168,92,4,A,DQV,"Black walnut"
3167,92,3,E,DQU,"American basswood"
3166,92,3,D,DQT,Hackberry
3165,92,3,C,DQS,"Bur oak"
3164,92,3,B,DQR,"Paper birch"
3163,92,3,A,DQQ,Hackberry
3162,92,2,E,DQP,"American basswood"
3161,92,2,D,DQO,Hackberry
3160,92,2,C,DQN,"Elm spp."
3159,92,2,B,DQM,"American basswood"
3158,92,2,A,DQL,"Black walnut"
3157,92,1,E,DQK,"Ash spp."
3156,92,1,D,DQJ,"Black walnut"
3155,92,1,C,DQI,"Ash spp."
3154,92,1,B,DQH,Hackberry
3153,92,1,A,DQG,"White oak"
3152,56,10,E,DQF,Boxelder
3151,56,10,D,DQE,"Sugar maple"
3150,56,10,C,DQD,"Sugar maple"
3149,56,10,B,DQC,"Sugar maple"
3148,56,10,A,DQB,"Sugar maple"
3147,56,9,E,DQA,"Sugar maple"
3146,56,9,D,DPZ,"Sugar maple"
3145,56,9,C,DPY,"Sugar maple"
3144,56,9,B,DPX,"Sugar maple"
3143,56,9,A,DPW,"American elm"
3142,56,8,E,DPV,"Sugar maple"
3141,56,8,D,DPU,"Sugar maple"
3140,56,8,C,DPT,"Sugar maple"
3139,56,8,B,DPS,"Sugar maple"
3138,56,8,A,DPR,"Sugar maple"
3137,56,7,E,DPQ,"Sugar maple"
3136,56,7,D,DPP,"American beech"
3135,56,7,C,DPO,"American beech"
3134,56,7,B,DPN,"American beech"
3133,56,7,A,DPM,"American beech"
3225,95,1,A,DTA,"Fagus sylvatica"
3012,84,5,E,DKV,N/A
3011,84,5,D,DKU,N/A
3010,84,5,C,DKT,N/A
3009,84,5,B,DKS,N/A
3008,84,5,A,DKR,N/A
3007,84,4,E,DKQ,N/A
3006,84,4,D,DKP,N/A
3005,84,4,C,DKO,N/A
3004,84,4,B,DKN,N/A
3003,84,4,A,DKM,N/A
3002,84,3,E,DKL,N/A
3001,84,3,D,DKK,N/A
3000,84,3,C,DKJ,N/A
2999,84,3,B,DKI,N/A
2998,84,3,A,DKH,N/A
2997,84,2,E,DKG,N/A
2996,84,2,D,DKF,N/A
2995,84,2,C,DKE,N/A
2994,84,2,B,DKD,N/A
2993,84,2,A,DKC,N/A
2992,84,1,E,DKB,N/A
2991,84,1,D,DKA,N/A
2990,84,1,C,DJZ,N/A
2989,84,1,B,DJY,N/A
2988,84,1,A,DJX,N/A
2987,83,6,E,DJW,N/A
2986,83,6,D,DJV,N/A
2985,83,6,C,DJU,N/A
2984,83,6,B,DJT,N/A
2983,83,6,A,DJS,N/A
2982,83,5,E,DJR,N/A
2981,83,5,D,DJQ,N/A
2980,83,5,C,DJP,N/A
2979,83,5,B,DJO,N/A
2978,83,5,A,DJN,N/A
2977,83,4,E,DJM,N/A
2976,83,4,D,DJL,N/A
2975,83,4,C,DJK,N/A
2974,83,4,B,DJJ,N/A
2973,83,4,A,DJI,N/A
2972,83,3,E,DJH,N/A
2971,83,3,D,DJG,N/A
2970,83,3,C,DJF,N/A
2969,83,3,B,DJE,N/A
2968,83,3,A,DJD,N/A
2967,83,2,E,DJC,N/A
2966,83,2,D,DJB,N/A
2965,83,2,C,DJA,N/A
2964,83,2,B,DIZ,N/A
2963,83,2,A,DIY,N/A
2962,83,1,E,DIX,N/A
2961,83,1,D,DIW,N/A
2960,83,1,C,DIV,N/A
2959,83,1,B,DIU,N/A
2958,83,1,A,DIT,N/A
2957,82,4,E,DIS,N/A
2956,82,4,D,DIR,N/A
2955,82,4,C,DIQ,N/A
2954,82,4,B,DIP,N/A
2953,82,4,A,DIO,N/A
2952,82,3,E,DIN,N/A
2951,82,3,D,DIM,N/A
2950,82,3,C,DIL,N/A
2949,82,3,B,DIK,N/A
2948,82,3,A,DIJ,N/A
2947,82,2,E,DII,N/A
2946,82,2,D,DIH,N/A
2945,82,2,C,DIG,N/A
2944,82,2,B,DIF,N/A
2943,82,2,A,DIE,N/A
2942,82,1,E,DID,N/A
2941,82,1,D,DIC,N/A
2940,82,1,C,DIB,N/A
2939,82,1,B,DIA,N/A
2938,82,1,A,DHZ,N/A
2920,55,17,C,DHH,"American hornbeam"
2919,55,17,B,DHG,"American hornbeam"
2916,55,16,D,DHD,Sweetgum
2888,55,11,A,DGB,"American hornbeam"
2887,55,-10,E,BDF,"American holly"
2886,55,-10,D,BDE,"Maple leaf viburnum"
2885,55,-10,C,BDD,"American beech"
2884,55,-10,B,BDC,"Red maple"
2883,55,-10,A,BDB,"Red maple"
2872,81,3,E,DFL,Sweetgum
2871,81,3,D,DFK,"American beech"
2870,81,3,C,DFJ,"Pignut hickory"
2869,81,3,B,DFI,"Southern magnolia"
2868,81,3,A,DFH,"Pignut hickory"
2867,81,2,E,DFG,"Symplocos tinctoria"
2866,81,2,D,DFF,Sweetgum
3092,61,6,E,DNX,N/A
3091,61,6,D,DNW,N/A
3090,61,6,C,DNV,N/A
3089,61,6,B,DNU,N/A
3088,61,6,A,DNT,N/A
2065,61,1,D,CAK,N/A
2064,61,1,C,CAJ,N/A
2063,61,1,B,CAI,N/A
2062,61,1,A,CAH,N/A
2757,77,10,E,DBA,"Flowering dogwood"
2756,77,10,D,DAZ,Boxelder
2755,77,10,C,DAY,"White mulberry"
2754,77,10,B,DAX,"Black oak"
2753,77,10,A,DAW,"Common persimmon"
2752,77,9,E,DAV,Sweetgum
2751,77,9,D,DAU,Sweetgum
2750,77,9,C,DAT,"Common persimmon"
2749,77,9,B,DAS,Boxelder
2748,77,-9,A,EJG,Boxelder
2747,77,8,E,DAQ,"Chalk maple"
2746,77,8,D,DAP,"Slippery elm"
2745,77,-8,C,EIU,"American beech"
2744,77,8,B,DAN,"Chalk maple"
2743,77,8,A,DAM,"Chalk maple"
2742,77,7,E,DAL,Sweetgum
2741,77,7,D,DAK,Sweetgum
2740,77,7,C,DAJ,"Pin oak"
2739,77,7,B,DAI,"Common persimmon"
2738,77,7,A,DAH,"Pin oak"
2737,77,6,E,DAG,"Dwarf pawpaw"
2736,77,6,D,DAF,"Common persimmon"
2735,77,6,C,DAE,Fringetree
2734,77,6,B,DAD,"Common persimmon"
2733,77,6,A,DAC,"Carolina ash"
2732,77,5,E,DAB,Sweetgum
2731,77,5,D,DAA,"Red maple"
2730,77,5,C,CZZ,Tuliptree
2729,77,5,B,CZY,"Dwarf pawpaw"
2728,77,5,A,CZX,"American bladdernut"
2727,77,4,E,CZW,Boxelder
2726,77,4,D,CZV,Sweetgum
2725,77,4,C,CZU,"Common persimmon"
2724,77,4,B,CZT,"American hazelnut"
2723,77,4,A,CZS,Sweetgum
2722,77,3,E,CZR,"Cucumber magnolia"
2721,77,3,D,CZQ,"Bitternut hickory"
2720,77,3,C,CZP,Sweetgum
2719,77,3,B,CZO,"Carolina silverbell"
2718,77,3,A,CZN,"Common persimmon"
2717,77,2,E,CZM,Boxelder
2716,77,2,D,CZL,Sweetgum
2715,77,2,C,CZK,Sweetgum
2714,77,2,B,CZJ,Sweetgum
2713,77,2,A,CZI,"Red maple"
2712,77,1,E,CZH,"Common persimmon"
2711,77,1,D,CZG,Boxelder
2710,77,1,C,CZF,Boxelder
2709,77,1,B,CZE,Boxelder
2708,77,1,A,CZD,"White mulberry"
1601,47,1,A,BIO,N/A
1602,47,1,B,BIP,N/A
1603,47,1,C,BIQ,N/A
1604,47,1,D,BIR,N/A
1605,47,1,E,BIS,N/A
1606,47,2,A,BIT,N/A
1607,47,2,B,BIU,N/A
1608,47,2,C,BIV,N/A
1609,47,2,D,BIW,N/A
1610,47,2,E,BIX,N/A
1611,47,3,A,BIY,N/A
1612,47,3,B,BIZ,N/A
1613,47,3,C,BJA,N/A
1614,47,3,D,BJB,N/A
1615,47,3,E,BJC,N/A
1616,47,4,A,BJD,N/A
1617,47,4,B,BJE,N/A
1618,47,4,C,BJF,N/A
1619,47,4,D,BJG,N/A
1620,47,4,E,BJH,N/A
1621,47,5,A,BJI,N/A
1622,47,5,B,BJJ,N/A
1623,47,5,C,BJK,N/A
1624,47,5,D,BJL,N/A
1625,47,5,E,BJM,N/A
1626,47,6,A,BJN,N/A
1117,154,1,B,APY,N/A
1628,47,6,C,BJP,N/A
1629,47,6,D,BJQ,N/A
1630,47,6,E,BJR,N/A
1631,45,3,A,BJS,N/A
1632,45,3,B,BJT,N/A
1633,45,3,C,BJU,N/A
1634,45,3,D,BJV,N/A
1635,45,3,E,BJW,N/A
1636,45,4,A,BJX,N/A
1637,45,4,B,BJY,N/A
1638,45,4,C,BJZ,N/A
1639,45,4,D,BKA,N/A
1640,45,4,E,BKB,N/A
1641,45,5,A,BKC,N/A
1642,45,5,B,BKD,N/A
1643,45,5,C,BKE,N/A
1644,45,5,D,BKF,N/A
1645,45,5,E,BKG,N/A
1646,45,6,A,BKH,N/A
1647,45,6,B,BKI,N/A
1648,45,6,C,BKJ,N/A
1649,45,6,D,BKK,N/A
1650,45,6,E,BKL,N/A
2921,55,17,D,DHI,"American hornbeam"
2917,55,16,E,DHE,"Swamp chestnut oak"
2913,55,16,A,DHA,"American beech"
2909,55,15,B,DGW,"American hornbeam"
2908,55,15,A,DGV,"Blueberry vaccinium sp."
2907,55,14,E,DGU,"American hornbeam"
2906,55,14,D,DGT,"Florida maple"
2905,55,14,C,DGS,"American hornbeam"
2904,55,14,B,DGR,"Florida maple"
2903,55,14,A,DGQ,"Yellow buckeye"
2902,55,13,E,DGP,Sweetgum
2901,55,13,D,DGO,Spicebush
2900,55,13,C,DGN,"Umbrella magnolia"
2899,55,13,B,DGM,"Umbrella magnolia"
2897,55,12,E,DGK,"American holly"
2896,55,12,D,DGJ,Pawpaw
2895,55,12,C,DGI,Pawpaw
2898,55,13,A,DGL,"Sugar maple"
2894,55,12,B,DGH,"American hornbeam"
2893,55,12,A,DGG,Pawpaw
2892,55,11,E,DGF,"American hornbeam"
2891,55,11,D,DGE,"Blueberry vaccinium sp."
2890,55,11,C,DGD,"American hornbeam"
2889,55,11,B,DGC,"American hornbeam"
2841,80,3,D,DEG,"American beech"
2840,80,3,C,DEF,"Mockernut hickory"
2838,80,3,A,DED,Sweetgum
2837,80,2,E,DEC,"Black oak"
2835,80,2,C,DEA,Sweetgum
1676,48,1,A,BLL,N/A
1677,48,1,B,BLM,N/A
1678,48,1,C,BLN,N/A
1679,48,1,D,BLO,N/A
1680,48,1,E,BLP,N/A
1681,48,2,A,BLQ,N/A
1682,48,2,B,BLR,N/A
1683,48,2,C,BLS,N/A
1684,48,2,D,BLT,N/A
1685,48,2,E,BLU,N/A
1686,48,3,A,BLV,N/A
1687,48,3,B,BLW,N/A
1688,48,3,C,BLX,N/A
1689,48,3,D,BLY,N/A
1690,48,3,E,BLZ,N/A
1691,48,4,A,BMA,N/A
1692,48,4,B,BMB,N/A
1693,48,4,C,BMC,N/A
1694,48,4,D,BMD,N/A
1695,48,4,E,BME,N/A
1696,48,5,A,BMF,N/A
1697,48,5,B,BMG,N/A
1698,48,5,C,BMH,N/A
1699,48,5,D,BMI,N/A
1700,48,5,E,BMJ,N/A
1701,48,6,A,BMK,N/A
1702,48,6,B,BML,N/A
1703,48,6,C,BMM,N/A
1704,48,6,D,BMN,N/A
1705,48,6,E,BMO,N/A
1706,49,1,A,BMP,N/A
1707,49,1,B,BMQ,N/A
1708,49,1,C,BMR,N/A
1709,49,1,D,BMS,N/A
1710,49,1,E,BMT,N/A
1711,49,2,A,BMU,N/A
1712,49,2,B,BMV,N/A
1713,49,2,C,BMW,N/A
1714,49,2,D,BMX,N/A
1715,49,2,E,BMY,N/A
1716,49,3,A,BMZ,N/A
1717,49,3,B,BNA,N/A
1718,49,3,C,BNB,N/A
1719,49,3,D,BNC,N/A
1720,49,3,E,BND,N/A
1721,49,4,A,BNE,N/A
1722,49,4,B,BNF,N/A
1723,49,4,C,BNG,N/A
1724,49,4,D,BNH,N/A
1725,49,4,E,BNI,N/A
1726,49,5,A,BNJ,N/A
1727,49,5,B,BNK,N/A
1728,49,5,C,BNL,N/A
1729,49,5,D,BNM,N/A
1730,49,5,E,BNN,N/A
1731,49,6,A,BNO,N/A
1732,49,6,B,BNP,N/A
1733,49,6,C,BNQ,N/A
1734,49,6,D,BNR,N/A
1735,49,6,E,BNS,N/A
1736,50,1,A,BNT,"Black cherry"
1737,50,1,B,BNU,"Black cherry"
1738,50,1,C,BNV,"Vaccinium corymbosum"
1739,50,1,D,BNW,"Scrub oak"
1740,50,1,E,BNX,"Scrub oak"
1741,50,2,A,BNY,"Viburnum dentatum"
1742,50,2,B,BNZ,"Black cherry"
1743,50,2,C,BOA,"Black cherry"
1744,50,2,D,BOB,"Viburnum dentatum"
1745,50,2,E,BOC,"Gaylussacia baccata"
1746,50,3,A,BOD,"Black cherry"
1747,50,3,B,BOE,"Prunus maritima"
1748,50,3,C,BOF,"Vaccinium corymbosum"
1749,50,3,D,BOG,"Scrub oak"
1750,50,3,E,BOH,"Black cherry"
1751,50,4,A,BOI,"Scrub oak"
1752,50,4,B,BOJ,"Scrub oak"
1753,50,4,C,BOK,"Scrub oak"
1754,50,4,D,BOL,"Gaylussacia baccata"
1755,50,4,E,BOM,"Scrub oak"
1756,50,5,A,BON,"Scrub oak"
1757,50,5,B,BOO,"Black cherry"
1758,50,5,C,BOP,"Prunus maritima"
1759,50,5,D,BOQ,"Black cherry"
1760,50,5,E,BOR,"Scrub oak"
1761,50,6,A,BOS,"Scrub oak"
1762,50,6,B,BOT,"Scrub oak"
1763,50,6,C,BOU,"Scrub oak"
1764,50,6,D,BOV,"Scrub oak"
1765,50,6,E,BOW,"Scrub oak"
1766,50,7,A,BOX,"Morella caroliniensis"
1767,50,7,B,BOY,"Scrub oak"
1768,50,7,C,BOZ,"Black cherry"
1769,50,7,D,BPA,"Viburnum dentatum"
1770,50,7,E,BPB,"Black cherry"
1771,50,8,A,BPC,"Baccharis halimifolia"
1772,50,8,B,BPD,"Prunus maritima"
1773,50,8,C,BPE,"Prunus maritima"
1774,50,8,D,BPF,"Morella caroliniensis"
1775,50,8,E,BPG,"Baccharis halimifolia"
1776,51,1,A,BPH,"Paper birch"
1777,51,1,B,BPI,"Paper birch"
1778,51,1,C,BPJ,"Alder spp."
1779,51,1,D,BPK,"Alder spp."
1780,51,1,E,BPL,"American holly"
1781,51,2,A,BPM,"American holly"
1782,51,2,B,BPN,"American holly"
1783,51,2,C,BPO,"American holly"
1784,51,2,D,BPP,"Paper birch"
1785,51,2,E,BPQ,"Viburnum nudum"
1786,51,3,A,BPR,"American holly"
1787,51,3,B,BPS,"Paper birch"
1788,51,3,C,BPT,"American holly"
1789,51,3,D,BPU,"Paper birch"
1790,51,3,E,BPV,"Paper birch"
1791,51,4,A,BPW,"Paper birch"
1792,51,4,B,BPX,"Paper birch"
1793,51,4,C,BPY,"Paper birch"
1794,51,4,D,BPZ,"Paper birch"
1795,51,4,E,BQA,"Paper birch"
1796,52,1,A,BQB,"American mountain-ash"
1797,52,1,B,BQC,"Viburnum nudum"
1798,52,1,C,BQD,"Red maple"
1799,52,1,D,BQE,"Viburnum nudum"
1800,52,1,E,BQF,"Viburnum nudum"
1801,52,2,A,BQG,"Viburnum nudum"
1802,52,2,B,BQH,"Viburnum nudum"
1803,52,2,C,BQI,"Viburnum nudum"
1804,52,2,D,BQJ,"Alder spp."
1805,52,2,E,BQK,"American holly"
1806,52,3,A,BQL,"Red maple"
1807,52,3,B,BQM,"Red maple"
1808,52,3,C,BQN,"American mountain-ash"
1809,52,3,D,BQO,"Alder spp."
1810,52,3,E,BQP,"Red maple"
1811,52,4,A,BQQ,"Paper birch"
1812,52,4,B,BQR,"Alder spp."
1813,52,4,C,BQS,"Alder spp."
1814,52,4,D,BQT,"American holly"
1815,52,4,E,BQU,"Ilex verticillata"
1816,53,1,A,BQV,N/A
1817,53,1,B,BQW,N/A
1818,53,1,C,BQX,N/A
1819,53,1,D,BQY,N/A
1820,53,1,E,BQZ,N/A
1821,53,2,A,BRA,N/A
1822,53,2,B,BRB,N/A
1823,53,2,C,BRC,N/A
1824,53,2,D,BRD,N/A
1825,53,2,E,BRE,N/A
3230,95,2,A,DTF,"Aesculus hippocastanum"
3229,95,1,E,DTE,"Scarlet oak"
3227,95,1,C,DTC,"Fagus sylvatica"
3226,95,1,B,DTB,Forsythia
1837,54,2,A,BRQ,"American hornbeam"
1832,54,1,A,BRL,"Sugar maple"
1833,54,1,B,BRM,"Sugar maple"
1834,54,1,C,BRN,"American beech"
1835,54,1,D,BRO,"American hornbeam"
1836,54,1,E,BRP,"American hornbeam"
1838,54,2,B,BRR,"American hornbeam"
1839,54,2,C,BRS,"American hornbeam"
1840,54,2,D,BRT,"American hornbeam"
1841,54,2,E,BRU,"American hornbeam"
1842,54,3,A,BRV,"Green ash"
1843,54,3,B,BRW,"Green ash"
1844,54,3,C,BRX,"Black maple"
1845,54,3,D,BRY,"Green ash"
1846,54,3,E,BRZ,"Black maple"
1847,54,4,A,BSA,"Sugar maple"
1848,54,4,B,BSB,"Sugar maple"
1849,54,4,C,BSC,"Sugar maple"
1850,54,4,D,BSD,"Black maple"
1851,54,4,E,BSE,"Sugar maple"
1853,55,1,B,BSG,"American holly"
1854,55,1,C,BSH,Sweetgum
1855,55,1,D,BSI,"American beech"
1856,55,1,E,BSJ,"American beech"
1857,55,-2,A,BBN,"Red maple"
1858,55,-2,B,BBO,"American hornbeam"
1859,55,-2,C,BBP,"American hornbeam"
1860,55,-2,D,BBQ,"American beech"
1861,55,-2,E,BBR,"Red maple"
1862,55,-3,A,BBS,"Common serviceberry"
1863,55,-3,B,BBT,Blackgum
1864,55,-3,C,BBU,Sourwood
1865,55,-3,D,BBV,"Symplocos tinctoria"
1866,55,-3,E,BBW,Sweetgum
1867,55,-4,A,BBX,"Mockernut hickory"
1868,55,-4,B,BBY,"Red maple"
1869,55,-4,C,BBZ,"Mockernut hickory"
1870,55,-4,D,BCA,"Common serviceberry"
1871,55,-4,E,BCB,Sweetgum
1872,56,1,A,BSZ,"Sugar maple"
1873,56,1,B,BTA,"Sugar maple"
1874,56,1,C,BTB,"Sugar maple"
1875,56,1,D,BTC,"Swamp white oak"
1876,56,1,E,BTD,"Southern catalpa"
1877,56,2,A,BTE,"American beech"
1878,56,2,B,BTF,"American elm"
1879,56,2,C,BTG,"American beech"
1880,56,2,D,BTH,"American beech"
1881,56,2,E,BTI,"Sugar maple"
1882,56,3,A,BTJ,"Sugar maple"
1883,56,3,B,BTK,"Sugar maple"
1884,56,3,C,BTL,"Sugar maple"
1885,56,3,D,BTM,"Sugar maple"
1886,56,3,E,BTN,"Sugar maple"
1887,56,4,A,BTO,"Sugar maple"
1888,56,4,B,BTP,"Sugar maple"
1889,56,4,C,BTQ,"Sugar maple"
1890,56,4,D,BTR,"Sugar maple"
1891,56,4,E,BTS,"Sugar maple"
1892,56,5,A,BTT,"Sugar maple"
1893,56,5,B,BTU,"Sugar maple"
1894,56,5,C,BTV,"Sugar maple"
1895,56,5,D,BTW,"Sugar maple"
1896,56,5,E,BTX,"Sugar maple"
1897,56,6,A,BTY,"American elm"
1898,56,6,B,BTZ,"American elm"
1899,56,6,C,BUA,"American elm"
1900,56,6,D,BUB,"Sugar maple"
1901,56,6,E,BUC,"Sugar maple"
1902,57,1,A,BUD,Ironwood
1903,57,1,B,BUE,"Carolina ash"
1904,57,1,C,BUF,Arrowwood
1905,57,1,D,BUG,Arrowwood
1906,57,1,E,BUH,"Carolina ash"
1907,57,2,A,BUI,"Red maple"
1908,57,2,B,BUJ,"Black gum"
1909,57,2,C,BUK,"Red maple"
1910,57,2,D,BUL,"Red maple"
1911,57,2,E,BUM,Arrowwood
1912,57,3,A,BUN,Sweetgum
1913,57,3,B,BUO,"Red maple"
1914,57,3,C,BUP,"American sycamore"
1915,57,3,D,BUQ,"Red maple"
1916,57,3,E,BUR,"Red maple"
1917,57,4,A,BUS,Arrowwood
1918,57,4,B,BUT,"Willow oak"
1919,57,4,C,BUU,Arrowwood
1920,57,4,D,BUV,Arrowwood
1921,57,4,E,BUW,Arrowwood
1922,57,5,A,BUX,Arrowwood
1923,57,5,B,BUY,"Red maple"
1924,57,5,C,BUZ,Arrowwood
1925,57,5,D,BVA,Arrowwood
1926,57,5,E,BVB,"Overcup oak"
1927,57,6,A,BVC,N/A
1928,57,6,B,BVD,N/A
1929,57,6,C,BVE,N/A
1930,57,6,D,BVF,N/A
1931,57,6,E,BVG,N/A
1952,59,-3,A,ANU,N/A
1951,59,-2,E,ANT,N/A
1950,59,-2,D,ANS,N/A
1949,59,-2,C,ANR,N/A
1948,59,-2,B,ANQ,N/A
1947,59,-2,A,ANP,N/A
1946,59,-1,E,ANO,N/A
1945,59,-1,D,ANN,N/A
1944,59,-1,C,ANM,"Winged elm"
1943,59,-1,B,ANL,"Atlantic white-cedar"
1942,59,-1,A,ANK,"Winged elm"
1953,59,-3,B,ANV,"Common persimmon"
1954,59,-3,C,ANW,N/A
1955,59,-3,D,ANX,"Common persimmon"
1956,59,-3,E,ANY,Privet
2785,78,4,C,DCC,"American beech"
2781,78,3,D,DBY,"American beech"
2778,78,3,A,DBV,"American beech"
2705,2,3,C,EJJ,"Black cherry"
2702,2,2,E,EJQ,"Paper birch"
2699,2,2,B,EJN,"Red maple"
2696,2,1,D,EJU,"Oak spp."
2693,2,1,A,EJR,"American beech"
2839,80,3,B,DEE,Sourwood
2836,80,2,D,DEB,Sweetgum
2758,77,11,A,DBB,Sourwood
1957,60,1,A,BWG,"Eastern redbud"
1958,60,1,B,BWH,"Siberian elm"
1959,60,1,C,BWI,"Eastern redbud"
1960,60,1,D,BWJ,"Oak spp."
1961,60,1,E,BWK,Unknown
1962,60,2,A,BWL,"Flowering dogwood"
1963,60,2,B,BWM,"Flowering dogwood"
1964,60,2,C,BWN,"Flowering dogwood"
1965,60,2,D,BWO,"Flowering dogwood"
1966,60,2,E,BWP,"Flowering dogwood"
1967,60,3,A,BWQ,"Red oak"
1968,60,3,B,BWR,"Eastern redbud"
1969,60,3,C,BWS,"White oak"
1970,60,3,D,BWT,Blackgum
1971,60,3,E,BWU,"Red oak"
1972,60,4,A,BWV,"Flowering dogwood"
1973,60,4,B,BWW,"Flowering dogwood"
1974,60,-4,C,AZD,Yellow-poplar
1975,60,4,D,BWY,"Southern red oak"
1976,60,4,E,BWZ,"Serviceberry spp."
1977,60,5,A,BXA,"Eastern redbud"
1978,60,5,B,BXB,"Red maple"
1979,60,5,C,BXC,"Southern red oak"
1980,60,5,D,BXD,"Serviceberry spp."
1981,60,5,E,BXE,"Serviceberry spp."
1982,60,6,A,BXF,"Eastern redbud"
1983,60,6,B,BXG,"Eastern redbud"
1984,60,6,C,BXH,"Eastern redbud"
1985,60,6,D,BXI,Blackgum
1986,60,6,E,BXJ,"Scarlet oak"
1987,60,7,A,BXK,"White oak"
1988,60,7,B,BXL,"American beech"
1989,60,-7,C,AZE,"Red maple"
1990,60,7,D,BXN,"Flowering dogwood"
1991,60,7,E,BXO,"Flowering dogwood"
1992,60,8,A,BXP,Blackgum
1993,60,8,B,BXQ,Sweetgum
1994,60,8,C,BXR,"Winged elm"
1995,60,8,D,BXS,"Winged elm"
1996,60,8,E,BXT,"Elm spp."
1997,60,9,A,BXU,"White oak"
1998,60,9,B,BXV,"Elm spp."
1999,60,9,C,BXW,"Black cherry"
2000,60,9,D,BXX,"Southern sugar maple"
2001,60,9,E,BXY,"Black cherry"
2002,60,10,A,BXZ,"Black cherry"
2003,60,10,B,BYA,"Sugar maple"
2004,60,10,C,BYB,"Black cherry"
2005,60,10,D,BYC,"Eastern redbud"
2006,60,10,E,BYD,"Elm spp."
2007,60,11,A,BYE,"Sugar maple"
2008,60,11,B,BYF,"Sugar maple"
2009,60,11,C,BYG,Sweetgum
2010,60,11,D,BYH,"Black cherry"
2011,60,11,E,BYI,"Black cherry"
2012,60,12,A,BYJ,"Elm spp."
2013,60,12,B,BYK,Sweetgum
2014,60,12,C,BYL,"Elm spp."
2015,60,12,D,BYM,"Elm spp."
2016,60,12,E,BYN,"Japanese privet"
2017,60,13,A,BYO,"Eastern redbud"
2018,60,13,B,BYP,"Red maple"
2019,60,13,C,BYQ,"Black cherry"
2020,60,13,D,BYR,"Red maple"
2021,60,13,E,BYS,"Flowering dogwood"
2022,60,14,A,BYT,"Flowering dogwood"
2023,60,14,B,BYU,"Flowering dogwood"
2024,60,14,C,BYV,Sweetgum
2025,60,14,D,BYW,Sweetgum
2026,60,14,E,BYX,"White oak"
2027,60,15,A,BYY,"Buckeye spp."
2028,60,15,B,BYZ,"Buckeye spp."
2029,60,15,C,BZA,"Dogwood spp."
2030,60,15,D,BZB,"Witch hazel"
2031,60,15,E,BZC,"Buckeye spp."
2032,60,16,A,BZD,"Japanese apricot"
2033,60,16,B,BZE,"Japanese apricot"
2034,60,16,C,BZF,"Stiff dogwood"
2035,60,16,D,BZG,"Dogwood spp."
2036,60,16,E,BZH,"Amur maple"
2037,60,17,A,BZI,"Japanese apricot"
2038,60,17,B,BZJ,"Japanese snowbell"
2039,60,17,C,BZK,"Cornelian-cherry dogwood"
2040,60,17,D,BZL,"Weeping knoss dogwood"
2041,60,17,E,BZM,"Red buckeye"
2042,60,18,A,BZN,"Big-leaf dogwood"
2043,60,18,B,BZO,"Fragrant wintersweet"
2044,60,18,C,BZP,"Carolina silverbell"
2045,60,18,D,BZQ,"Japanese maple"
2046,60,18,E,BZR,"Chinese quince"
2047,60,19,A,BZS,"Willow oak"
2048,60,19,B,BZT,"European spindletree"
2049,60,19,C,BZU,"Japanese apricot"
2050,60,19,D,BZV,"Sweet birch"
2051,60,19,E,BZW,"Yeddo euonymous"
2052,60,20,A,BZX,"Sugar maple"
2053,60,20,B,BZY,"Beech spp."
2054,60,20,C,BZZ,"Eastern redbud"
2055,60,20,D,CAA,"Trident maple"
2056,60,20,E,CAB,"Yeddo euonymous"
2066,61,1,E,CAL,N/A
2067,61,2,A,CAM,N/A
2068,61,2,B,CAN,N/A
2069,61,2,C,CAO,N/A
2070,61,2,D,CAP,N/A
2071,61,2,E,CAQ,N/A
2072,61,3,A,CAR,N/A
2073,61,3,B,CAS,N/A
2074,61,3,C,CAT,N/A
2075,61,3,D,CAU,N/A
2076,61,3,E,CAV,N/A
2077,61,4,A,CAW,N/A
2078,61,4,B,CAX,N/A
2079,61,4,C,CAY,N/A
2080,61,4,D,CAZ,N/A
2081,61,4,E,CBA,N/A
1146,158,4,A,ARB,N/A
1144,158,3,D,AQZ,"Water oak"
1143,158,3,C,AQY,"Water oak"
1141,158,3,A,AQW,"Southern magnolia"
1131,158,1,A,AQM,N/A
1132,158,1,B,AQN,N/A
1133,158,1,C,AQO,N/A
1134,158,1,D,AQP,N/A
1135,158,1,E,AQQ,N/A
1136,158,2,A,AQR,"Japanese zelkova"
1137,158,2,B,AQS,"Southern magnolia"
1138,158,2,C,AQT,"Trident maple"
1139,158,2,D,AQU,"Japanese zelkova"
1130,154,3,E,AQL,N/A
1129,154,3,D,AQK,N/A
1128,154,3,C,AQJ,N/A
1127,154,3,B,AQI,N/A
1126,154,3,A,AQH,N/A
1125,154,2,E,AQG,N/A
1124,154,2,D,AQF,N/A
1123,154,2,C,AQE,N/A
1122,154,2,B,AQD,N/A
1121,154,2,A,AQC,N/A
1120,154,1,E,AQB,N/A
1119,154,1,D,AQA,N/A
1118,154,1,C,APZ,N/A
2107,63,-1,A,EAW,"Red maple"
2108,63,-1,B,EAX,"Mountain laurel"
2109,63,-1,C,EAY,"Catawba rhododendron"
2110,63,-1,D,EAZ,Yellow-poplar
2111,63,-1,E,EBA,"Eastern hemlock"
2112,63,2,A,CCF,"Red maple"
2113,63,2,B,CCG,"Mountain laurel"
2114,63,2,C,CCH,"Eastern white pine"
2115,63,2,D,CCI,"Eastern hemlock"
2116,63,2,E,CCJ,"Mountain laurel"
2117,63,3,A,CCK,"Virginia pine"
2118,63,3,B,CCL,"Serviceberry spp."
2119,63,3,C,CCM,"Flowering dogwood"
2120,63,3,D,CCN,"Cherry and plum spp."
2121,63,3,E,CCO,Elderberry
2122,63,-4,A,EBB,"Eastern hemlock"
2123,63,-4,B,EBC,"Eastern hemlock"
2124,63,4,C,CCR,"Rhododendron spp."
2125,63,-4,D,EBD,"Mountain laurel"
2126,63,-4,E,EBE,N/A
2127,63,-5,A,EBF,"Rhododendron spp."
2128,63,5,B,CCV,"Red maple"
2129,63,5,C,CCW,"American holly"
2130,63,5,D,CCX,"Kalmia latifolia"
2131,63,5,E,CCY,"Eastern hemlock"
2132,63,6,A,CCZ,"Red maple"
2133,63,-6,B,EAV,"Red maple"
2134,63,6,C,CDB,"Red maple"
2135,63,6,D,CDC,"Rhododendron spp."
2136,63,6,E,CDD,"Rhododendron spp."
2137,60,21,A,CDE,"American elm"
2138,60,21,B,CDF,"American elm"
2139,60,21,C,CDG,"Loebner magnolia"
2140,60,21,D,CDH,"Willow oak"
2141,60,21,E,CDI,"Hedge maple"
2142,60,22,A,CDJ,Possumhaw
2143,60,22,B,CDK,Ironwood
2144,60,22,C,CDL,"American beech"
2145,60,22,D,CDM,"American beech"
2146,60,22,E,CDN,"American beech"
2147,60,23,A,CDO,"Nutmeg hickory"
2148,60,23,B,CDP,"Basswood spp."
2149,60,23,C,CDQ,Spicebush
2150,60,-23,D,CBG,"Pin oak"
2151,60,23,E,CDS,"Persian ironwood"
2152,60,24,A,CDT,"Dogwood spp."
2153,60,24,B,CDU,"Osage orange"
2154,60,24,C,CDV,Spicebush
2155,60,24,D,CDW,"Witch hazel"
2156,60,24,E,CDX,"Horned maple"
2157,55,-5,A,BCC,"Black cherry"
2158,55,-5,B,BCD,"American beech"
2159,55,-5,C,BCE,"Mockernut hickory"
2160,55,-5,D,BCF,"Pignut hickory"
2161,55,-5,E,BCG,"Mockernut hickory"
1145,158,3,E,ARA,Sweetgum
1142,158,3,B,AQX,"Water oak"
1140,158,2,E,AQV,N/A
2834,80,2,B,DDZ,Ironwood
2833,80,2,A,DDY,"Red maple"
2832,80,1,E,DDX,"Red maple"
2831,80,1,D,DDW,"White ash"
2830,80,1,C,DDV,Sweetgum
2829,80,1,B,DDU,"Red maple"
2828,80,1,A,DDT,"Mockernut hickory"
2827,79,4,E,DDS,N/A
2826,79,4,D,DDR,N/A
2825,79,4,C,DDQ,N/A
2824,79,4,B,DDP,N/A
2823,79,4,A,DDO,N/A
2822,79,3,E,DDN,N/A
2821,79,3,D,DDM,N/A
2820,79,3,C,DDL,N/A
2819,79,3,B,DDK,N/A
2818,79,3,A,DDJ,N/A
2817,79,2,E,DDI,N/A
2816,79,2,D,DDH,N/A
2815,79,2,C,DDG,N/A
2814,79,2,B,DDF,N/A
2813,79,2,A,DDE,N/A
2812,79,1,E,DDD,N/A
2811,79,1,D,DDC,N/A
2810,79,1,C,DDB,N/A
2809,79,1,B,DDA,N/A
2808,79,1,A,DCZ,N/A
2807,78,8,E,DCY,"Sugar maple"
2806,78,8,D,DCX,"Sugar maple"
2805,78,8,C,DCW,Spicebush
2804,78,8,B,DCV,"Sugar maple"
2803,78,8,A,DCU,"Sugar maple"
2802,78,7,E,DCT,"American beech"
2801,78,7,D,DCS,"Sugar maple"
2800,78,7,C,DCR,"American beech"
2799,78,7,B,DCQ,Spicebush
2798,78,7,A,DCP,"American beech"
2797,78,6,E,DCO,Sourwood
2795,78,6,C,DCM,"American beech"
2794,78,6,B,DCL,"American beech"
2793,78,6,A,DCK,"Sugar maple"
2792,78,5,E,DCJ,"American beech"
2791,78,5,D,DCI,Blackgum
2790,78,5,C,DCH,Sourwood
2789,78,5,B,DCG,"American beech"
2788,78,5,A,DCF,"Red maple"
2787,78,4,E,DCE,"Sugar maple"
2777,78,2,E,DBU,Spicebush
2776,78,2,D,DBT,Spicebush
2775,78,2,C,DBS,"American beech"
2774,78,2,B,DBR,Spicebush
3664,109,1,B,EJX,N/A
2865,81,2,C,DFE,"American holly"
2864,81,2,B,DFD,"Symplocos tinctoria"
2863,81,2,A,DFC,"American holly"
2862,81,1,E,DFB,"Southern magnolia"
2861,81,1,D,DFA,Sweetgum
2860,81,1,C,DEZ,Redbay
2859,81,1,B,DEY,Sweetgum
2858,81,1,A,DEX,"Water oak"
2857,55,-7,E,BCQ,"Black oak"
2856,55,-7,D,BCP,"Chestnut oak"
2855,55,-7,C,BCO,Sweetgum
2854,55,-7,B,BCN,"Common serviceberry"
2853,55,-7,A,BCM,"Pignut hickory"
2852,55,-6,E,BCL,"American beech"
2851,55,-6,D,BCK,"American holly"
2850,55,-6,C,BCJ,"American beech"
2849,55,-6,B,BCI,"American beech"
2848,55,-6,A,BCH,"Pignut hickory"
2847,80,4,E,DEM,Ironwood
2846,80,4,D,DEL,"Alternate-leaf dogwood"
2845,80,4,C,DEK,"Black oak"
2844,80,4,B,DEJ,Sweetgum
2843,80,4,A,DEI,"Mockernut hickory"
2842,80,3,E,DEH,"American beech"
2282,65,1,A,CIT,Sweetgum
2283,65,1,B,CIU,Sweetgum
2284,65,1,C,CIV,"Ilex vomitoria"
2285,65,1,D,CIW,N/A
2286,65,1,E,CIX,Sweetgum
2287,65,2,A,CIY,"Chinese tallowtree"
2288,65,2,B,CIZ,"Chinese tallowtree"
2289,65,2,C,CJA,"Chinese tallowtree"
2290,65,2,D,CJB,"Chinese tallowtree"
2291,65,2,E,CJC,"Chinese tallowtree"
2292,66,1,A,CJD,Sweetgum
2293,66,1,B,CJE,"Morella cerifera"
2294,66,1,C,CJF,"Morella cerifera"
2295,66,1,D,CJG,"Morella cerifera"
2296,66,1,E,CJH,"Morella cerifera"
2297,66,2,A,CJI,"Callicarpa americana"
2298,66,2,B,CJJ,Sweetgum
2299,66,2,C,CJK,"Morella cerifera"
2300,66,2,D,CJL,Sweetgum
2301,66,2,E,CJM,"Morella cerifera"
2302,67,1,A,CJN,"American beech"
2303,67,1,B,CJO,"Magnolia spp."
2304,67,1,C,CJP,"Southern magnolia"
2305,67,1,D,CJQ,Sourwood
2306,67,1,E,CJR,"American beech"
2307,67,2,A,CJS,Azalea
2308,67,2,B,CJT,"Crepe myrtle"
2309,67,2,C,CJU,"Red maple"
2310,67,2,D,CJV,"Crepe myrtle"
2311,67,2,E,CJW,Azalea
2312,67,3,A,CJX,"River birch"
2313,67,3,B,CJY,"River birch"
2314,67,3,C,CJZ,"Black gum"
2315,67,3,D,CKA,"Hickory spp."
2316,67,3,E,CKB,"American hornbeam"
2317,67,4,A,CKC,"Swamp white oak"
2318,67,4,B,CKD,"Live oak"
2319,67,4,C,CKE,"Eastern redbud"
2320,67,4,D,CKF,"Eastern redbud"
2321,67,-4,E,EHU,"White oak"
2322,67,5,A,CKH,Ginkgo
2323,67,5,B,CKI,Russian-olive
2324,67,5,C,CKJ,"Golden rain tree"
2325,67,5,D,CKK,Ginkgo
2326,67,5,E,CKL,Ginkgo
2327,67,6,A,CKM,"Cherry and plum spp."
2328,67,6,B,CKN,Ginkgo
2329,67,6,C,CKO,"Cherry and plum spp."
2330,67,6,D,CKP,"Cherry and plum spp."
2331,67,6,E,CKQ,"Cherry and plum spp."
2332,67,7,A,CKR,"Washington hawthorn"
2333,67,7,B,CKS,"Red maple"
2334,67,7,C,CKT,"Clerya spp."
2335,67,7,D,CKU,Ginkgo
2336,67,7,E,CKV,"Washington hawthorn"
2337,67,8,A,CKW,Ginkgo
2338,67,8,B,CKX,Ginkgo
2339,67,8,C,CKY,Ginkgo
2340,67,8,D,CKZ,Ginkgo
2341,67,8,E,CLA,"Camellia spp."
2342,67,9,A,CLB,N/A
2343,67,9,B,CLC,N/A
2344,67,9,C,CLD,N/A
2345,67,9,D,CLE,N/A
2346,67,9,E,CLF,N/A
2347,67,10,A,CLG,N/A
2348,67,10,B,CLH,N/A
2349,67,10,C,CLI,N/A
2350,67,10,D,CLJ,N/A
2351,67,10,E,CLK,N/A
2352,68,1,A,CLL,N/A
2353,68,1,B,CLM,"Red maple"
2354,68,1,C,CLN,"Red maple"
2355,68,1,D,CLO,N/A
2356,68,1,E,CLP,"Crepe myrtle"
2357,68,2,A,CLQ,"Japanese maple"
2358,68,2,B,CLR,"Japanese maple"
2359,68,2,C,CLS,"Chestnut oak"
2360,68,2,D,CLT,"Japanese maple"
2361,68,2,E,CLU,"Japanese maple"
2362,68,3,A,CLV,N/A
2363,68,3,B,CLW,"Rose of sharon"
2364,68,3,C,CLX,"Merrill magnolia"
2365,68,3,D,CLY,N/A
2366,68,3,E,CLZ,Pawpaw
2367,68,4,A,CMA,"Crepe myrtle"
2368,68,4,B,CMB,Ginkgo
2369,68,4,C,CMC,"Catalpa spp."
2370,68,4,D,CMD,"Elm spp."
2371,68,4,E,CME,N/A
2372,68,5,A,CMF,"Dogwood spp."
2373,68,5,B,CMG,"Southern magnolia"
2374,68,5,C,CMH,"Chinese evergreen oak"
2375,68,5,D,CMI,N/A
2376,68,5,E,CMJ,N/A
2377,68,6,A,CMK,"Red maple"
2378,68,6,B,CML,"Red maple"
2379,68,6,C,CMM,"Red maple"
2380,68,6,D,CMN,"Laurel oak"
2381,68,6,E,CMO,"Red maple"
2382,68,7,A,CMP,"Tulip poplar"
2383,68,7,B,CMQ,"Tulip poplar"
2384,68,7,C,CMR,"Tulip poplar"
2385,68,7,D,CMS,"Tulip poplar"
2386,68,7,E,CMT,"Tulip poplar"
2387,68,8,A,CMU,N/A
2388,68,8,B,CMV,"American beech"
2389,68,8,C,CMW,"Japanese maple"
2390,68,8,D,CMX,N/A
2391,68,8,E,CMY,N/A
2392,68,9,A,CMZ,"Willow oak"
2393,68,9,B,CNA,N/A
2394,68,9,C,CNB,N/A
2395,68,9,D,CNC,N/A
2396,68,9,E,CND,N/A
2397,68,10,A,CNE,"Red mulberry"
2398,68,10,B,CNF,Hornbeam
2399,68,10,C,CNG,"Sugar maple"
2400,68,10,D,CNH,"Swamp white oak"
2401,68,10,E,CNI,"Hickory spp."
2402,68,11,A,CNJ,"American beech"
2403,68,11,B,CNK,"Elm spp."
2404,68,11,C,CNL,"American beech"
2405,68,11,D,CNM,N/A
2406,68,11,E,CNN,N/A
2407,69,1,A,CNO,"Flowering dogwood"
2408,69,1,B,CNP,"Flowering dogwood"
2409,69,1,C,CNQ,"Japanese maple"
2410,69,1,D,CNR,"Sugar maple"
2411,69,1,E,CNS,"Flowering dogwood"
2412,69,2,A,CNT,N/A
2413,69,2,B,CNU,N/A
2414,69,2,C,CNV,N/A
2415,69,2,D,CNW,N/A
2416,69,2,E,CNX,N/A
2417,69,3,A,CNY,N/A
2418,69,3,B,CNZ,N/A
2419,69,3,C,COA,N/A
2420,69,3,D,COB,N/A
2421,69,3,E,COC,N/A
2422,69,4,A,COD,N/A
2423,69,4,B,COE,N/A
2424,69,4,C,COF,N/A
2425,69,4,D,COG,N/A
2426,69,4,E,COH,N/A
2427,69,5,A,COI,N/A
2428,69,5,B,COJ,N/A
2429,69,5,C,COK,N/A
2430,69,5,D,COL,N/A
2431,69,5,E,COM,N/A
2432,70,1,A,CON,"Witch hazel"
2433,70,1,B,COO,"Eastern redbud"
2434,70,1,C,COP,"Carolina silverbell"
2435,70,1,D,COQ,"Viburnum plicatum"
2436,70,1,E,COR,"Magnolia spp."
2437,70,2,A,COS,N/A
2438,70,2,B,COT,N/A
2439,70,2,C,COU,N/A
2440,70,2,D,COV,N/A
2441,70,2,E,COW,N/A
2442,71,1,A,COX,"Coastal azalea"
2443,71,1,B,COY,Sassafras
2444,71,1,C,COZ,"Azalea spp."
2445,71,1,D,CPA,"Plumleaf azalea"
2446,71,1,E,CPB,"Piedmont azalea"
2447,71,2,A,CPC,Spicebush
2448,71,2,B,CPD,"Florida azalea"
2449,71,2,C,CPE,Spicebush
2450,71,2,D,CPF,"Rhododendron canescens"
2451,71,2,E,CPG,"Rhododendron austrinum"
2452,72,1,A,CPH,"Common spicebush"
2453,72,1,B,CPI,"Flowering dogwood"
2454,72,-1,C,DTV,"American hornbeam"
2455,72,1,D,CPK,Pawpaw
2456,72,1,E,CPL,"Flowering dogwood"
2457,72,2,A,CPM,N/A
2458,72,2,B,CPN,N/A
2459,72,2,C,CPO,N/A
2460,72,2,D,CPP,N/A
2461,72,2,E,CPQ,N/A
2462,65,3,A,CPR,"Southern magnolia"
2463,65,3,B,CPS,"Morella cerifera"
2464,65,3,C,CPT,"Ilex vomitoria"
2465,65,3,D,CPU,"Water oak"
2466,65,3,E,CPV,Sweetgum
2467,65,4,A,CPW,"Ilex vomitoria"
2468,65,4,B,CPX,"Chinese tallowtree"
2469,65,4,C,CPY,"Chinese tallowtree"
2470,65,4,D,CPZ,"Ilex vomitoria"
2471,65,4,E,CQA,"Water oak"
2472,65,5,A,CQB,"Water oak"
2473,65,5,B,CQC,"Morella cerifera"
2474,65,5,C,CQD,"Chinese tallowtree"
2475,65,5,D,CQE,"Ilex vomitoria"
2476,65,5,E,CQF,N/A
2477,65,6,A,CQG,"Southern magnolia"
2478,65,6,B,CQH,Sweetgum
2479,65,6,C,CQI,"Morella cerifera"
2480,65,6,D,CQJ,N/A
2481,65,6,E,CQK,"Chinese tallowtree"
2482,65,7,A,CQL,"Morella cerifera"
2483,65,7,B,CQM,N/A
2484,65,7,C,CQN,"Morella cerifera"
2485,65,7,D,CQO,"Morella cerifera"
2486,65,7,E,CQP,N/A
2487,65,8,A,CQQ,"American holly"
2488,65,8,B,CQR,"Ilex vomitoria"
2489,65,8,C,CQS,"Ilex vomitoria"
2490,65,8,D,CQT,"Ilex vomitoria"
2491,65,8,E,CQU,"Ilex vomitoria"
2492,65,9,A,CQV,Sweetgum
2493,65,9,B,CQW,"Ilex vomitoria"
2494,65,9,C,CQX,"Morella cerifera"
2495,65,9,D,CQY,Sweetgum
2496,65,9,E,CQZ,"Morella cerifera"
2497,65,10,A,CRA,Sweetgum
2498,65,10,B,CRB,"Ilex vomitoria"
2499,65,10,C,CRC,"Morella cerifera"
2500,65,10,D,CRD,"Morella cerifera"
2501,65,10,E,CRE,"Morella cerifera"
2502,66,3,A,CRF,Sweetgum
2503,66,3,B,CRG,"American holly"
2504,66,3,C,CRH,"Morella cerifera"
2505,66,3,D,CRI,"Morella cerifera"
2506,66,3,E,CRJ,Sweetgum
2507,66,4,A,CRK,"American holly"
2508,66,4,B,CRL,"American beech"
2509,66,4,C,CRM,"Chinese tallowtree"
2510,66,4,D,CRN,"Chinese tallowtree"
2511,66,4,E,CRO,Sweetgum
2512,66,5,A,CRP,"Symplocos tinctotria"
2513,66,5,B,CRQ,Sweetgum
2514,66,5,C,CRR,"Morella cerifera"
2515,66,5,D,CRS,"Morella cerifera"
2516,66,5,E,CRT,"Morella cerifera"
2517,66,6,A,CRU,"Chinese tallowtree"
2518,66,6,B,CRV,"Red maple"
2519,66,6,C,CRW,Sweetgum
2520,66,6,D,CRX,"Morella cerifera"
2521,66,6,E,CRY,"Morella cerifera"
2522,66,7,A,CRZ,"Symplocos tinctoria"
2523,66,7,B,CSA,"Symplocos tinctoria"
2524,66,7,C,CSB,"Symplocos tinctoria"
2525,66,7,D,CSC,"Symplocos tinctoria"
2526,66,7,E,CSD,"Symplocos tinctoria"
2527,66,8,A,CSE,"Symplocos tinctoria"
2528,66,8,B,CSF,"Water oak"
2529,66,8,C,CSG,"Cherrybark oak"
2530,66,8,D,CSH,"Symplocos tinctoria"
2531,66,8,E,CSI,"Symplocos tinctoria"
2532,73,1,A,CSJ,"American hornbeam"
2533,73,1,B,CSK,Sweetgum
2534,73,1,C,CSL,Tuliptree
2535,73,1,D,CSM,"Eastern redbud"
2536,73,1,E,CSN,Sweetgum
2537,73,2,A,CSO,"Red maple"
2538,73,2,B,CSP,"American hornbeam"
2539,73,2,C,CSQ,"American hornbeam"
2540,73,2,D,CSR,"American hornbeam"
2541,73,2,E,CSS,"Red maple"
2542,73,3,A,CST,Spicebush
2543,73,3,B,CSU,"Carolina silverbell"
2544,73,3,C,CSV,Spicebush
2545,73,3,D,CSW,"White oak"
2546,73,3,E,CSX,"American holly"
2547,73,4,A,CSY,"American hornbeam"
2548,73,4,B,CSZ,Sweetgum
2549,73,4,C,CTA,"Highbush blueberry"
2550,73,4,D,CTB,"American hornbeam"
2551,73,4,E,CTC,"American hornbeam"
2552,73,5,A,CTD,"Flowering dogwood"
2553,73,5,B,CTE,"American hornbeam"
2554,73,5,C,CTF,Sweetgum
2555,73,5,D,CTG,Sweetgum
2556,73,5,E,CTH,Sweetgum
2557,73,6,A,CTI,"American hornbeam"
2558,73,6,B,CTJ,"American hornbeam"
2559,73,6,C,CTK,"American hornbeam"
2560,73,6,D,CTL,"American hornbeam"
2561,73,6,E,CTM,"American hornbeam"
2562,73,7,A,CTN,"American hornbeam"
2563,73,7,B,CTO,"American hornbeam"
2564,73,7,C,CTP,"American hornbeam"
2565,73,7,D,CTQ,"American hornbeam"
2566,73,7,E,CTR,"American hornbeam"
2567,73,8,A,CTS,"Sugar maple"
2568,73,8,B,CTT,"American hornbeam"
2569,73,8,C,CTU,"American hornbeam"
2570,73,8,D,CTV,Sweetgum
2571,73,8,E,CTW,Sweetgum
2572,74,1,A,CTX,"Pear tree"
2573,74,1,B,CTY,"Red maple"
2574,74,1,C,CTZ,Honeylocust
2575,74,1,D,CUA,"Paper birch"
2576,74,1,E,CUB,"Paper birch"
2577,74,2,A,CUC,Honeysuckle
2578,74,2,B,CUD,"Birch spp."
2579,74,2,C,CUE,"Autumn olive"
2580,74,2,D,CUF,Honeysuckle
2581,74,2,E,CUG,"Birch spp."
2582,74,3,A,CUH,"Black cherry"
2583,74,3,B,CUI,"Black cherry"
2584,74,3,C,CUJ,"Hawthorn spp."
2585,74,3,D,CUK,"Black cherry"
2586,74,3,E,CUL,"Black cherry"
2677,66,10,E,CXY,Sweetgum
2588,74,4,B,CUN,"Sugar maple"
2589,74,4,C,CUO,"Sugar maple"
2590,74,4,D,CUP,"Sugar maple"
2591,74,4,E,CUQ,"Black cherry"
2592,74,4,A,CUR,Beech
2676,66,10,D,CXX,"Morella cerifera"
2675,66,10,C,CXW,"Morella cerifera"
2674,66,10,B,CXV,"American holly"
2673,66,10,A,CXU,"Quercus montana"
2672,66,9,E,CXT,Sweetgum
2671,66,9,D,CXS,"Sweet gum"
2670,66,9,C,CXR,"Morella cerifera"
2669,66,9,B,CXQ,"Vaccinum corymbosum"
2668,66,9,A,CXP,"American holly"
2613,75,1,A,CVM,"Red maple"
2614,75,1,B,CVN,"Willow oak"
2615,75,1,C,CVO,"Red maple"
2616,75,1,D,CVP,"Red maple"
2617,75,1,E,CVQ,Sumac?
2618,75,2,A,CVR,"Red maple"
2619,75,2,B,CVS,N/A
2620,75,2,C,CVT,N/A
2621,75,2,D,CVU,"Willow oak"
2622,75,2,E,CVV,"Red maple"
2623,75,3,A,CVW,Sumac?
2624,75,3,B,CVX,"Maple spp."
2625,75,3,C,CVY,"Flowering dogwood"
2626,75,3,D,CVZ,N/A
2627,75,3,E,CWA,N/A
2628,75,4,A,CWB,"Red maple"
2629,75,4,B,CWC,"Magnolia spp."
2630,75,4,C,CWD,"Red maple"
2631,75,4,D,CWE,N/A
2632,75,4,E,CWF,"Willow oak"
2633,75,5,A,CWG,"Willow oak"
2634,75,5,B,CWH,"Willow oak"
2635,75,5,C,CWI,"Crepe myrtle"
2636,75,5,D,CWJ,N/A
2637,75,5,E,CWK,N/A
2638,76,1,A,CWL,"Red maple"
2639,76,1,B,CWM,"Red maple"
2640,76,1,C,CWN,"American beech"
2641,76,1,D,CWO,"American beech"
2642,76,1,E,CWP,"Oak spp."
2643,76,2,A,CWQ,Boxelder
2644,76,2,B,CWR,Boxelder
2645,76,2,C,CWS,Boxelder
2646,76,2,D,CWT,Boxelder
2647,76,2,E,CWU,Boxelder
2648,76,3,A,CWV,"Lindera benzoin"
2649,76,3,B,CWW,"American beech"
2650,76,3,C,CWX,"Red maple"
2651,76,3,D,CWY,"Lindera benzoin"
2652,76,3,E,CWZ,"Lindera benzoin"
2653,76,4,A,CXA,"Hawthorn spp."
2654,76,4,B,CXB,"Lindera benzoin"
2655,76,4,C,CXC,"Elm spp."
2656,76,4,D,CXD,"Elm spp."
2657,76,4,E,CXE,"Lindera benzoin"
2658,76,5,A,CXF,"Apple spp."
2659,76,5,B,CXG,"Red maple"
2660,76,5,C,CXH,"American beech"
2661,76,5,D,CXI,"Lindera benzoin"
2662,76,5,E,CXJ,"Red maple"
2663,76,6,A,CXK,"Hickory spp."
2664,76,6,B,CXL,"Red maple"
2665,76,6,C,CXM,"Lindera benzoin"
2666,76,6,D,CXN,"Lindera benzoin"
2667,76,6,E,CXO,"Lindera benzoin"
1355,166,8,E,AZC,N/A
1354,166,8,D,AZB,N/A
1353,166,8,C,AZA,N/A
1352,166,8,B,AYZ,N/A
1351,166,8,A,AYY,N/A
1350,166,7,E,AYX,N/A
1349,166,7,D,AYW,N/A
1348,166,7,C,AYV,N/A
1347,166,7,B,AYU,N/A
1346,166,7,A,AYT,N/A
1345,166,6,E,AYS,N/A
1344,166,6,D,AYR,N/A
1343,166,6,C,AYQ,N/A
1342,166,6,B,AYP,N/A
1341,166,6,A,AYO,N/A
1340,166,5,E,AYN,N/A
1339,166,5,D,AYM,N/A
1338,166,5,C,AYL,N/A
1337,166,5,B,AYK,N/A
1336,166,5,A,AYJ,N/A
1335,166,4,E,AYI,N/A
1334,166,4,D,AYH,N/A
1333,166,4,C,AYG,N/A
1332,166,4,B,AYF,N/A
1331,166,4,A,AYE,N/A
1330,166,3,E,AYD,N/A
1329,166,3,D,AYC,N/A
1328,166,3,C,AYB,N/A
1327,166,3,B,AYA,N/A
1326,166,3,A,AXZ,N/A
1325,166,2,E,AXY,N/A
1324,166,2,D,AXX,N/A
1323,166,2,C,AXW,N/A
1322,166,2,B,AXV,N/A
1321,166,2,A,AXU,N/A
1320,166,1,E,AXT,N/A
1319,166,1,D,AXS,N/A
1318,166,1,C,AXR,N/A
1317,166,1,B,AXQ,N/A
1316,166,1,A,AXP,N/A
1315,165,2,E,AXO,"Bush honeysuckle (caprifoliaceae family)"
1314,165,2,D,AXN,"Bush honeysuckle (caprifoliaceae family)"
1313,165,2,C,AXM,"Bush honeysuckle (caprifoliaceae family)"
1312,165,2,B,AXL,"Bush honeysuckle (caprifoliaceae family)"
1311,165,2,A,AXK,"Bush honeysuckle (caprifoliaceae family)"
1310,165,1,E,AXJ,"Bush honeysuckle (caprifoliaceae family)"
1309,165,1,D,AXI,"Bush honeysuckle (caprifoliaceae family)"
1308,165,1,C,AXH,"Ohio buckeye"
1307,165,1,B,AXG,"Box elder (acer negundo)"
1306,165,1,A,AXF,"Ohio buckeye"
1305,164,2,E,AXE,"Eastern redbud"
1304,164,2,D,AXD,"Common ninebark"
1303,164,2,C,AXC,"Stiff dogwood"
1302,164,2,B,AXB,"American holly"
1301,164,2,A,AXA,"Ozark witch hazel"
1300,164,1,E,AWZ,N/A
1299,164,1,D,AWY,N/A
1298,164,1,C,AWX,N/A
1297,164,1,B,AWW,N/A
1296,164,1,A,AWV,N/A
1295,163,4,E,AWU,"Oak spp."
1294,163,4,D,AWT,"Wax myrtle"
1293,163,4,C,AWS,"Eastern redbud"
1292,163,4,B,AWR,"Oak spp."
1291,163,4,A,AWQ,Sweetgum
1290,163,3,E,AWP,"Eastern redbud"
1289,163,3,D,AWO,"Maple spp."
1288,163,3,C,AWN,Sweetgum
1287,163,3,B,AWM,"Oak spp."
1286,163,3,A,AWL,Sassafras
1285,163,2,E,AWK,"Dogwood spp."
1284,163,2,D,AWJ,"Black locust"
1283,163,2,C,AWI,"Oak spp."
1282,163,2,B,AWH,Tuliptree
1281,163,2,A,AWG,"Oak spp."
1280,163,1,E,AWF,"Dogwood spp."
1279,163,1,D,AWE,"American holly"
1278,163,1,C,AWD,"Black locust"
1277,163,1,B,AWC,Sweetgum
1276,163,1,A,AWB,"Oak spp."
1275,162,6,E,AWA,N/A
1274,162,6,D,AVZ,N/A
1273,162,6,C,AVY,N/A
1272,162,6,B,AVX,N/A
1271,162,6,A,AVW,N/A
1270,162,5,E,AVV,N/A
1269,162,5,D,AVU,N/A
1268,162,5,C,AVT,N/A
1267,162,5,B,AVS,N/A
1266,162,5,A,AVR,N/A
1265,162,4,E,AVQ,N/A
1264,162,4,D,AVP,N/A
1263,162,4,C,AVO,N/A
1262,162,4,B,AVN,N/A
1261,162,4,A,AVM,N/A
1260,162,3,E,AVL,N/A
1259,162,3,D,AVK,N/A
1258,162,3,C,AVJ,N/A
1257,162,3,B,AVI,N/A
1256,162,3,A,AVH,N/A
1255,162,2,E,AVG,N/A
1254,162,2,D,AVF,N/A
1253,162,2,C,AVE,N/A
1252,162,2,B,AVD,N/A
1251,162,2,A,AVC,N/A
1250,162,1,E,AVB,N/A
1249,162,1,D,AVA,N/A
1248,162,1,C,AUZ,N/A
1247,162,1,B,AUY,N/A
1246,162,1,A,AUX,N/A
1245,89,4,E,AUW,"Multiflora rose"
1244,89,4,D,AUV,"Amur honeysuckle"
1243,89,4,C,AUU,"Sugar maple"
1242,89,4,B,AUT,"Amur honeysuckle"
1241,89,4,A,AUS,Spicebush
1240,89,3,E,AUR,"Amur honeysuckle"
1239,89,3,D,AUQ,Spicebush
1238,89,3,C,AUP,"Autumn olive"
1237,89,3,B,AUO,"Amur honeysuckle"
1236,89,3,A,AUN,Spicebush
1235,161,3,E,AUM,N/A
1234,161,3,D,AUL,N/A
1233,161,3,C,AUK,N/A
1232,161,3,B,AUJ,N/A
1231,161,3,A,AUI,N/A
1230,161,2,E,AUH,N/A
1229,161,2,D,AUG,N/A
1228,161,2,C,AUF,N/A
1227,161,2,B,AUE,N/A
1226,161,2,A,AUD,N/A
1225,161,1,E,AUC,N/A
1224,161,1,D,AUB,N/A
1223,161,1,C,AUA,N/A
1222,161,1,B,ATZ,N/A
1221,161,1,A,ATY,N/A
1220,160,6,E,ATX,N/A
1219,160,6,D,ATW,N/A
1218,160,6,C,ATV,N/A
1217,160,6,B,ATU,N/A
1216,160,6,A,ATT,N/A
1215,160,5,E,ATS,N/A
1214,160,5,D,ATR,N/A
1213,160,5,C,ATQ,N/A
1212,160,5,B,ATP,N/A
1211,160,5,A,ATO,N/A
1210,160,4,E,ATN,N/A
1209,160,4,D,ATM,N/A
1208,160,4,C,ATL,N/A
1207,160,4,B,ATK,N/A
1206,160,4,A,ATJ,N/A
1205,160,3,E,ATI,N/A
1204,160,3,D,ATH,N/A
1203,160,3,C,ATG,"Dogwood spp."
1202,160,3,B,ATF,"River birch"
1201,160,3,A,ATE,"American holly"
1200,160,2,E,ATD,N/A
1199,160,2,D,ATC,"Dogwood spp."
1198,160,2,C,ATB,"Elm spp."
1197,160,2,B,ATA,"Elm spp."
1196,160,2,A,ASZ,"American holly"
1195,160,1,E,ASY,Wisteria
1194,160,1,D,ASX,"Elm spp."
1193,160,1,C,ASW,Hydrangea
1192,160,1,B,ASV,Wisteria
1191,160,1,A,ASU,Wisteria
1190,159,6,E,AST,N/A
1189,159,6,D,ASS,N/A
1188,159,6,C,ASR,N/A
1187,159,6,B,ASQ,N/A
1186,159,6,A,ASP,N/A
1185,159,5,E,ASO,N/A
1184,159,5,D,ASN,N/A
1183,159,5,C,ASM,N/A
1182,159,5,B,ASL,N/A
1181,159,5,A,ASK,N/A
1180,159,4,E,ASJ,N/A
1179,159,4,D,ASI,N/A
1178,159,4,C,ASH,N/A
1177,159,4,B,ASG,N/A
1176,159,4,A,ASF,N/A
1175,159,3,E,ASE,N/A
1174,159,3,D,ASD,N/A
1173,159,3,C,ASC,N/A
1172,159,3,B,ASB,N/A
1171,159,3,A,ASA,N/A
1170,159,2,E,ARZ,N/A
1169,159,2,D,ARY,N/A
1168,159,2,C,ARX,N/A
1167,159,2,B,ARW,N/A
1166,159,2,A,ARV,N/A
1165,159,1,E,ARU,N/A
1164,159,1,D,ART,N/A
1163,159,1,C,ARS,N/A
1162,159,1,B,ARR,N/A
1161,159,1,A,ARQ,N/A
1160,158,6,E,ARP,N/A
1159,158,6,D,ARO,N/A
1158,158,6,C,ARN,N/A
1157,158,6,B,ARM,N/A
1156,158,6,A,ARL,N/A
1155,158,5,E,ARK,"Wax myrtle"
1154,158,5,D,ARJ,Sweetgum
1153,158,5,C,ARI,"Water oak"
1152,158,5,B,ARH,N/A
1151,158,5,A,ARG,"Wax myrtle"
1150,158,4,E,ARF,"Water oak"
1149,158,4,D,ARE,N/A
1148,158,4,C,ARD,"Willow oak"
1147,158,4,B,ARC,"Water oak"
1115,153,6,E,APW,N/A
1114,153,6,D,APV,N/A
1113,153,6,C,APU,N/A
1112,153,6,B,APT,N/A
1111,153,6,A,APS,N/A
1110,153,5,E,APR,N/A
1109,153,5,D,APQ,N/A
1108,153,5,C,APP,N/A
1107,153,5,B,APO,N/A
1106,153,5,A,APN,N/A
1105,153,4,E,APM,N/A
1104,153,4,D,APL,N/A
1103,153,4,C,APK,N/A
1102,153,4,B,APJ,N/A
1101,153,4,A,API,N/A
1100,153,3,E,APH,N/A
1099,153,3,D,APG,N/A
1098,153,3,C,APF,N/A
1097,153,3,B,APE,N/A
1096,153,3,A,APD,N/A
1095,153,2,E,APC,N/A
1094,153,2,D,APB,N/A
1093,153,2,C,APA,N/A
1092,153,2,B,AOZ,N/A
1091,153,2,A,AOY,N/A
1090,153,1,E,AOX,N/A
1089,153,1,D,AOW,N/A
1088,153,1,C,AOV,N/A
1087,153,1,B,AOU,N/A
1086,153,1,A,AOT,N/A
1085,152,3,E,AOS,N/A
1084,152,3,D,AOR,N/A
1083,152,3,C,AOQ,N/A
1082,152,3,B,AOP,N/A
1081,152,3,A,AOO,N/A
1080,152,2,E,AON,N/A
1079,152,2,D,AOM,N/A
1078,152,2,C,AOL,N/A
1077,152,2,B,AOK,N/A
1076,152,2,A,AOJ,N/A
1075,152,1,E,AOI,N/A
1074,152,1,D,AOH,N/A
1073,152,1,C,AOG,N/A
1072,152,1,B,AOF,N/A
1071,152,1,A,AOE,N/A
1070,59,1,E,BVV,N/A
1069,59,1,D,BVU,N/A
1068,59,1,C,BVT,"Winged elm"
1067,59,1,B,BVS,"Atlantic white-cedar"
1066,59,1,A,BVR,"Winged elm"
1065,59,3,E,BWF,Privet
1064,59,3,D,BWE,"Common persimmon"
1063,59,3,C,BWD,N/A
1062,59,3,B,BWC,"Common persimmon"
1061,59,3,A,BWB,N/A
1060,59,2,E,BWA,N/A
1059,59,2,D,BVZ,N/A
1058,59,2,C,BVY,N/A
1057,59,2,B,BVX,N/A
1056,59,2,A,BVW,N/A
1055,59,-1,E,AOD,N/A
1054,59,-1,D,AOC,N/A
1053,59,-1,C,AOB,"Winged elm"
1052,59,-1,B,AOA,"Atlantic white-cedar"
1051,59,-1,A,ANZ,"Winged elm"
1050,151,4,E,ANJ,N/A
1049,151,4,D,ANI,N/A
1048,151,4,C,ANH,N/A
1047,151,4,B,ANG,N/A
1046,151,4,A,ANF,N/A
1045,151,3,E,ANE,N/A
1044,151,3,D,AND,N/A
1043,151,3,C,ANC,N/A
1042,151,3,B,ANB,N/A
1041,151,3,A,ANA,N/A
1040,151,2,E,AMZ,N/A
1039,151,2,D,AMY,N/A
1038,151,2,C,AMX,N/A
1037,151,2,B,AMW,N/A
1036,151,2,A,AMV,N/A
1035,151,1,E,AMU,N/A
1034,151,1,D,AMT,N/A
1033,151,1,C,AMS,N/A
1032,151,1,B,AMR,N/A
1031,151,1,A,AMQ,N/A
1030,150,2,E,AMP,N/A
1029,150,2,D,AMO,N/A
1028,150,2,C,AMN,N/A
1027,150,2,B,AMM,N/A
1026,150,2,A,AML,N/A
1025,150,1,E,AMK,N/A
1024,150,1,D,AMJ,N/A
1023,150,1,C,AMI,N/A
1022,150,1,B,AMH,N/A
1021,150,1,A,AMG,N/A
1020,149,5,E,AMF,N/A
1019,149,5,D,AME,N/A
1018,149,5,C,AMD,N/A
1017,149,5,B,AMC,N/A
1016,149,5,A,AMB,N/A
1015,149,4,E,AMA,N/A
1014,149,4,D,ALZ,N/A
1013,149,4,C,ALY,N/A
1012,149,4,B,ALX,N/A
1011,149,4,A,ALW,N/A
1010,149,3,E,ALV,N/A
1009,149,3,D,ALU,N/A
1008,149,3,C,ALT,N/A
1007,149,3,B,ALS,N/A
1006,149,3,A,ALR,N/A
1005,149,2,E,ALQ,N/A
1004,149,2,D,ALP,N/A
1003,149,2,C,ALO,N/A
1002,149,2,B,ALN,N/A
1001,149,2,A,ALM,N/A
1000,149,1,E,ALL,N/A
999,149,1,D,ALK,N/A
998,149,1,C,ALJ,N/A
997,149,1,B,ALI,N/A
996,149,1,A,ALH,N/A
995,68,13,E,ALG,"Willow oak"
994,68,13,D,ALF,"Willow oak"
993,68,13,C,ALE,"Willow oak"
992,68,13,B,ALD,N/A
991,68,13,A,ALC,"Willow oak"
990,68,12,E,ALB,N/A
989,68,12,D,ALA,N/A
988,68,12,C,AKZ,N/A
987,68,12,B,AKY,N/A
986,68,12,A,AKX,N/A
985,148,2,E,AKW,N/A
984,148,2,D,AKV,N/A
983,148,2,C,AKU,"Sweet birch"
982,148,2,B,AKT,"Striped maple"
981,148,2,A,AKS,"Striped maple"
980,147,2,E,AKR,N/A
979,147,2,D,AKQ,N/A
978,147,2,C,AKP,Pawpaw
977,147,2,B,AKO,Pawpaw
976,147,2,A,AKN,Pawpaw
975,146,2,E,AKM,N/A
974,146,2,D,AKL,N/A
973,146,2,C,AKK,N/A
972,146,2,B,AKJ,"Sweet birch"
971,146,2,A,AKI,N/A
970,145,2,E,AKH,N/A
969,145,2,D,AKG,N/A
968,145,2,C,AKF,"Sugar maple"
967,145,2,B,AKE,Boxelder
966,145,2,A,AKD,"Sugar maple"
965,144,2,E,AKC,N/A
964,144,2,D,AKB,N/A
963,144,2,C,AKA,N/A
962,144,2,B,AJZ,"Witch hazel"
961,144,2,A,AJY,"Witch hazel"
960,143,2,E,AJX,N/A
959,143,2,D,AJW,N/A
958,143,2,C,AJV,"Mountain laurel"
957,143,2,B,AJU,"Sweet birch"
956,143,2,A,AJT,"Red oak"
955,140,2,E,AJS,N/A
954,140,2,D,AJR,N/A
953,140,2,C,AJQ,"Slippery elm"
952,140,2,B,AJP,N/A
951,140,2,A,AJO,"Red maple"
950,139,2,E,AJN,N/A
949,139,2,D,AJM,N/A
948,139,2,C,AJL,"Striped maple"
947,139,2,B,AJK,"Hickory spp."
946,139,2,A,AJJ,"Hickory spp."
945,138,2,E,AJI,N/A
944,138,2,D,AJH,N/A
943,138,2,C,AJG,"Mountain laurel"
942,138,2,B,AJF,"Mountain laurel"
941,138,2,A,AJE,"Mountain laurel"
940,137,2,E,AJD,N/A
939,137,2,D,AJC,N/A
938,137,2,C,AJB,N/A
937,137,2,B,AJA,N/A
936,137,2,A,AIZ,"Red maple"
935,129,2,E,AIY,N/A
934,129,2,D,AIX,N/A
933,129,2,C,AIW,"Great rhododendron"
932,129,2,B,AIV,"White ash"
931,129,2,A,AIU,"Great rhododendron"
930,127,2,E,AIT,N/A
929,127,2,D,AIS,N/A
928,127,2,C,AIR,"Rhododendron spp."
927,127,2,B,AIQ,"Rhododendron spp."
926,127,2,A,AIP,N/A
925,126,2,E,AIO,N/A
924,126,2,D,AIN,N/A
923,126,2,C,AIM,N/A
922,126,2,B,AIL,N/A
921,126,2,A,AIK,"Striped maple"
920,118,2,E,AIJ,N/A
919,118,2,D,AII,N/A
918,118,2,C,AIH,N/A
917,118,2,B,AIG,N/A
916,118,2,A,AIF,N/A
915,116,2,E,AIE,N/A
914,116,2,D,AID,N/A
913,116,2,C,AIC,N/A
702,116,2,B,ZZ,"Rhododendron spp."
701,116,2,A,ZY,"Rhododendron spp."
700,113,2,E,ZX,N/A
699,113,2,D,ZW,N/A
698,113,2,C,ZV,"Chestnut oak"
697,113,2,B,ZU,"Rhododendron spp."
696,113,2,A,ZT,"Red maple"
695,142,9,E,ZS,N/A
694,142,9,D,ZR,"Striped maple"
693,142,9,C,ZQ,"American chestnut"
692,142,9,B,ZP,"Witch hazel"
691,142,9,A,ZO,N/A
690,142,8,E,ZN,"Witch hazel"
689,142,8,D,ZM,"Red oak"
688,142,8,C,ZL,"Witch hazel"
687,142,8,B,ZK,"Mountain laurel"
686,142,8,A,ZJ,N/A
685,142,7,E,ZI,"American chestnut"
684,142,7,D,ZH,"Striped maple"
683,142,7,C,ZG,N/A
682,142,7,B,ZF,N/A
681,142,7,A,ZE,"Great rhododendron"
680,142,6,E,ZD,"Great rhododendron"
679,142,6,D,ZC,"Great rhododendron"
678,142,6,C,ZB,"Striped maple"
677,142,6,B,ZA,"Striped maple"
676,142,6,A,YZ,"Striped maple"
675,142,5,E,YY,N/A
674,142,5,D,YX,"Striped maple"
673,142,5,C,YW,"Great rhododendron"
672,142,5,B,YV,"Great rhododendron"
671,142,5,A,YU,N/A
670,142,4,E,YT,"Witch hazel"
669,142,4,D,YS,N/A
668,142,4,C,YR,"Striped maple"
667,142,4,B,YQ,"Witch hazel"
666,142,4,A,YP,"Witch hazel"
665,142,3,E,YO,"Great rhododendron"
664,142,3,D,YN,"Witch hazel"
663,142,3,C,YM,"Great rhododendron"
662,142,3,B,YL,"Striped maple"
661,142,3,A,YK,"Witch hazel"
660,142,2,E,YJ,"Great rhododendron"
659,142,2,D,YI,"Great rhododendron"
658,142,2,C,YH,"Witch hazel"
657,142,2,B,YG,"American chestnut"
656,142,2,A,YF,"Mountain or fraser magnolia"
655,141,9,E,YE,N/A
654,141,9,D,YD,"American beech"
653,141,9,C,YC,"Great rhododendron"
652,141,9,B,YB,"American beech"
651,141,9,A,YA,"American beech"
650,141,8,E,XZ,"Yellow buckeye"
649,141,8,D,XY,"Striped maple"
648,141,8,C,XX,"Great rhododendron"
647,141,8,B,XW,"Great rhododendron"
646,141,8,A,XV,N/A
645,141,7,E,XU,"Great rhododendron"
644,141,7,D,XT,"American beech"
643,141,7,C,XS,"American beech"
642,141,7,B,XR,"American beech"
641,141,7,A,XQ,"Great rhododendron"
640,141,6,E,XP,"Great rhododendron"
639,141,6,D,XO,"Great rhododendron"
638,141,6,C,XN,"American beech"
637,141,6,B,XM,"Yellow buckeye"
636,141,6,A,XL,"American beech"
635,141,5,E,XK,"Yellow buckeye"
634,141,5,D,XJ,"Striped maple"
633,141,5,C,XI,"Great rhododendron"
632,141,5,B,XH,"Striped maple"
631,141,5,A,XG,"Yellow birch"
630,141,4,E,XF,"Great rhododendron"
629,141,4,D,XE,"Great rhododendron"
628,141,4,C,XD,"Great rhododendron"
627,141,4,B,XC,"Great rhododendron"
626,141,4,A,XB,"Great rhododendron"
625,141,3,E,XA,"Great rhododendron"
624,141,3,D,WZ,"Great rhododendron"
623,141,3,C,WY,"Great rhododendron"
622,141,3,B,WX,"American beech"
621,141,3,A,WW,"American beech"
620,141,2,E,WV,"Yellow birch"
619,141,2,D,WU,N/A
618,141,2,C,WT,"Great rhododendron"
617,141,2,B,WS,"Great rhododendron"
616,141,2,A,WR,"Striped maple"
615,136,9,E,WQ,N/A
614,136,9,D,WP,"Serviceberry spp."
613,136,9,C,WO,Sourwood
612,136,9,B,WN,Sourwood
611,136,9,A,WM,Sourwood
610,136,8,E,WL,Sourwood
609,136,8,D,WK,N/A
608,136,8,C,WJ,"Red maple"
607,136,8,B,WI,N/A
606,136,8,A,WH,N/A
605,136,7,E,WG,N/A
604,136,7,D,WF,"Red maple"
603,136,7,C,WE,Sourwood
602,136,7,B,WD,"Red maple"
601,136,7,A,WC,Sourwood
600,136,6,E,WB,"Witch hazel"
599,136,6,D,WA,"Red maple"
598,136,6,C,VZ,"American beech"
597,136,6,B,VY,Sourwood
596,136,6,A,VX,"Striped maple"
595,136,5,E,VW,Sourwood
594,136,5,D,VV,"Witch hazel"
593,136,5,C,VU,"Witch hazel"
592,136,5,B,VT,Blackgum
591,136,5,A,VS,"Red maple"
590,136,4,E,VR,"Witch hazel"
589,136,4,D,VQ,"American hornbeam"
588,136,4,C,VP,"Eastern redbud"
587,136,4,B,VO,Blackgum
586,136,4,A,VN,"American beech"
585,136,3,E,VM,Sourwood
584,136,3,D,VL,"Red maple"
583,136,3,C,VK,N/A
582,136,3,B,VJ,N/A
581,136,3,A,VI,"Witch hazel"
580,136,2,E,VH,"American beech"
579,136,2,D,VG,"Sweet birch"
578,136,2,C,VF,N/A
577,136,2,B,VE,"Witch hazel"
576,136,2,A,VD,"Mountain laurel"
575,135,6,E,VC,N/A
574,135,6,D,VB,N/A
573,135,6,C,VA,N/A
572,135,6,B,UZ,N/A
571,135,6,A,UY,"White oak"
570,135,5,E,UX,"Serviceberry spp."
569,135,5,D,UW,"Eastern redbud"
568,135,5,C,UV,"Sugar maple"
567,135,5,B,UU,"Flowering dogwood"
566,135,5,A,UT,"Witch hazel"
565,135,4,E,US,Sassafras
564,135,4,D,UR,"Hickory spp."
563,135,4,C,UQ,"Flowering dogwood"
562,135,4,B,UP,"Red maple"
561,135,4,A,UO,Sassafras
560,135,3,E,UN,N/A
559,135,3,D,UM,N/A
558,135,3,C,UL,Blackgum
557,135,3,B,UK,"Black cherry"
556,135,3,A,UJ,"Serviceberry spp."
555,135,2,E,UI,N/A
554,135,2,D,UH,"Green ash"
553,135,2,C,UG,"Sugar maple"
552,135,2,B,UF,"Green ash"
551,135,2,A,UE,Sassafras
550,134,9,E,UD,N/A
549,134,9,D,UC,"Witch hazel"
548,134,9,C,UB,"Witch hazel"
547,134,9,B,UA,"Hickory spp."
546,134,9,A,TZ,"Hickory spp."
545,134,8,E,TY,"Hickory spp."
544,134,8,D,TX,N/A
543,134,8,C,TW,"Hickory spp."
542,134,8,B,TV,N/A
541,134,8,A,TU,Sassafras
540,134,7,E,TT,"Hickory spp."
539,134,7,D,TS,"Hickory spp."
538,134,7,C,TR,"Witch hazel"
537,134,7,B,TQ,"Hickory spp."
536,134,7,A,TP,N/A
535,134,6,E,TO,"Black cherry"
534,134,6,D,TN,"Hickory spp."
533,134,6,C,TM,"Hickory spp."
532,134,6,B,TL,"Sweet birch"
531,134,6,A,TK,N/A
530,134,5,E,TJ,N/A
529,134,5,D,TI,"Hickory spp."
528,134,5,C,TH,"Witch hazel"
527,134,5,B,TG,"American hornbeam"
526,134,5,A,TF,"Eastern hophornbeam"
525,134,4,E,TE,Spicebush
524,134,4,D,TD,Spicebush
523,134,4,C,TC,"Witch hazel"
522,134,4,B,TB,"Witch hazel"
521,134,4,A,TA,"Witch hazel"
520,134,3,E,SZ,"Witch hazel"
519,134,3,D,SY,"Witch hazel"
518,134,3,C,SX,"Witch hazel"
517,134,3,B,SW,N/A
516,134,3,A,SV,N/A
515,134,2,E,SU,N/A
514,134,2,D,ST,N/A
513,134,2,C,SS,"Sweet birch"
512,134,2,B,SR,"Black cherry"
511,134,2,A,SQ,"Mountain laurel"
510,133,9,E,SP,N/A
509,133,9,D,SO,"Witch hazel"
508,133,9,C,SN,Blackgum
507,133,9,B,SM,"Mountain laurel"
506,133,9,A,SL,N/A
505,133,8,E,SK,"Mountain laurel"
504,133,8,D,SJ,"American hornbeam"
503,133,8,C,SI,Spicebush
502,133,8,B,SH,"Red maple"
501,133,8,A,SG,Spicebush
500,133,7,E,SF,Spicebush
499,133,7,D,SE,"Red maple"
498,133,7,C,SD,"Mountain laurel"
497,133,7,B,SC,"Red maple"
496,133,7,A,SB,"American hornbeam"
495,133,6,E,SA,"Striped maple"
494,133,6,D,RZ,"Striped maple"
493,133,6,C,RY,"Mountain laurel"
492,133,6,B,RX,"Mountain laurel"
491,133,6,A,RW,"Mountain laurel"
490,133,5,E,RV,Blackgum
489,133,5,D,RU,N/A
488,133,5,C,RT,"Mountain laurel"
487,133,5,B,RS,"Mountain laurel"
486,133,5,A,RR,Spicebush
485,133,4,E,RQ,"Striped maple"
484,133,4,D,RP,"Striped maple"
483,133,4,C,RO,"Mountain laurel"
482,133,4,B,RN,"American beech"
481,133,4,A,RM,Blackgum
480,133,3,E,RL,"Striped maple"
479,133,3,D,RK,Russian-olive
478,133,3,C,RJ,"American beech"
477,133,3,B,RI,"Cucumber magnolia"
476,133,3,A,RH,N/A
475,133,2,E,RG,"American beech"
474,133,2,D,RF,"American beech"
473,133,2,C,RE,"Sweet birch"
472,133,2,B,RD,"Striped maple"
471,133,2,A,RC,"Mountain laurel"
470,132,9,E,RB,N/A
469,132,9,D,RA,N/A
468,132,9,C,QZ,"American beech"
467,132,9,B,QY,N/A
466,132,9,A,QX,"Carolina silverbell"
465,132,8,E,QW,"American beech"
464,132,8,D,QV,"Great rhododendron"
463,132,8,C,QU,N/A
462,132,8,B,QT,"Great rhododendron"
461,132,8,A,QS,"Mountain laurel"
460,132,7,E,QR,"Great rhododendron"
459,132,7,D,QQ,"American beech"
458,132,7,C,QP,"American beech"
457,132,7,B,QO,"American beech"
456,132,7,A,QN,"Great rhododendron"
455,132,6,E,QM,"American beech"
454,132,6,D,QL,"American beech"
453,132,6,C,QK,"Striped maple"
452,132,6,B,QJ,"American beech"
451,132,6,A,QI,"Striped maple"
450,132,5,E,QH,"American beech"
449,132,5,D,QG,"American beech"
448,132,5,C,QF,"Striped maple"
447,132,5,B,QE,N/A
446,132,5,A,QD,N/A
445,132,4,E,QC,"Great rhododendron"
444,132,4,D,QB,"Red maple"
443,132,4,C,QA,"Mountain laurel"
442,132,4,B,PZ,"Mountain laurel"
441,132,4,A,PY,"Mountain laurel"
440,132,3,E,PX,"Mountain laurel"
439,132,3,D,PW,"Mountain laurel"
438,132,3,C,PV,"Great rhododendron"
437,132,3,B,PU,"American beech"
436,132,3,A,PT,"Striped maple"
435,132,2,E,PS,"American beech"
434,132,2,D,PR,"Sugar maple"
433,132,2,C,PQ,"American beech"
432,132,2,B,PP,"Yellow buckeye"
431,132,2,A,PO,"American beech"
430,131,9,E,PN,N/A
429,131,9,D,PM,"American beech"
428,131,9,C,PL,N/A
427,131,9,B,PK,"American chestnut"
426,131,9,A,PJ,"Carolina silverbell"
425,131,8,E,PI,"Striped maple"
424,131,8,D,PH,"Yellow birch"
423,131,8,C,PG,"Striped maple"
422,131,8,B,PF,N/A
421,131,8,A,PE,"American beech"
420,131,7,E,PD,"American basswood"
419,131,7,D,PC,"Carolina silverbell"
418,131,7,C,PB,"American beech"
417,131,7,B,PA,"American chestnut"
416,131,7,A,OZ,N/A
415,131,6,E,OY,"Carolina silverbell"
414,131,6,D,OX,"Carolina silverbell"
413,131,6,C,OW,"Yellow birch"
412,131,6,B,OV,"Carolina silverbell"
411,131,6,A,OU,"American chestnut"
410,131,5,E,OT,"American beech"
409,131,5,D,OS,"American beech"
408,131,5,C,OR,"American beech"
407,131,5,B,OQ,"American basswood"
406,131,5,A,OP,"American beech"
405,131,4,E,OO,"Striped maple"
404,131,4,D,ON,"American beech"
403,131,4,C,OM,"American beech"
402,131,4,B,OL,"American beech"
401,131,4,A,OK,"American beech"
400,131,3,E,OJ,N/A
399,131,3,D,OI,"Sugar maple"
398,131,3,C,OH,"Striped maple"
397,131,3,B,OG,"Red maple"
396,131,3,A,OF,N/A
395,131,2,E,OE,"Mountain laurel"
394,131,2,D,OD,"Carolina silverbell"
393,131,2,C,OC,"American beech"
392,131,2,B,OB,"American beech"
391,131,2,A,OA,"Carolina silverbell"
390,130,6,E,NZ,N/A
389,130,6,D,NY,N/A
388,130,6,C,NX,N/A
387,130,6,B,NW,N/A
386,130,6,A,NV,"Buffalo nut"
385,130,5,E,NU,"Great rhododendron"
384,130,5,D,NT,"Great rhododendron"
383,130,5,C,NS,"Great rhododendron"
382,130,5,B,NR,"Mountain laurel"
381,130,5,A,NQ,"Striped maple"
380,130,4,E,NP,"Great rhododendron"
379,130,4,D,NO,N/A
378,130,4,C,NN,"Great rhododendron"
377,130,4,B,NM,"Great rhododendron"
376,130,4,A,NL,N/A
375,130,3,E,NK,"Great rhododendron"
374,130,3,D,NJ,"Witch hazel"
373,130,3,C,NI,"Great rhododendron"
372,130,3,B,NH,"Great rhododendron"
371,130,3,A,NG,"Great rhododendron"
370,130,2,E,NF,"Great rhododendron"
369,130,2,D,NE,"Great rhododendron"
368,130,2,C,ND,"Great rhododendron"
367,130,2,B,NC,"Great rhododendron"
366,130,2,A,NB,"Mountain laurel"
365,128,6,E,NA,N/A
364,128,6,D,MZ,N/A
363,128,6,C,MY,N/A
362,128,6,B,MX,N/A
361,128,6,A,MW,"Great rhododendron"
360,128,5,E,MV,"Great rhododendron"
359,128,5,D,MU,"Sweet birch"
358,128,5,C,MT,"Great rhododendron"
357,128,5,B,MS,N/A
356,128,5,A,MR,N/A
355,128,4,E,MQ,"Great rhododendron"
354,128,4,D,MP,"Great rhododendron"
353,128,4,C,MO,"Great rhododendron"
352,128,4,B,MN,"Great rhododendron"
351,128,4,A,MM,"Great rhododendron"
350,128,3,E,ML,"Great rhododendron"
349,128,3,D,MK,"Great rhododendron"
348,128,3,C,MJ,"Great rhododendron"
347,128,3,B,MI,"Great rhododendron"
346,128,3,A,MH,"Great rhododendron"
345,128,2,E,MG,"Red oak"
344,128,2,D,MF,"Great rhododendron"
343,128,2,C,ME,"Great rhododendron"
342,128,2,B,MD,"Great rhododendron"
341,128,2,A,MC,"Great rhododendron"
340,125,9,E,MB,N/A
339,125,9,D,MA,"Witch hazel"
338,125,9,C,LZ,"Great rhododendron"
337,125,9,B,LY,"Great rhododendron"
336,125,9,A,LX,"Witch hazel"
335,125,8,E,LW,"Great rhododendron"
334,125,8,D,LV,"Great rhododendron"
333,125,8,C,LU,"Great rhododendron"
332,125,8,B,LT,"Great rhododendron"
331,125,8,A,LS,"Red maple"
330,125,7,E,LR,"Great rhododendron"
329,125,7,D,LQ,N/A
328,125,7,C,LP,"Great rhododendron"
327,125,7,B,LO,"Great rhododendron"
326,125,7,A,LN,"Great rhododendron"
325,125,6,E,LM,"Great rhododendron"
324,125,6,D,LL,"Great rhododendron"
323,125,6,C,LK,"American beech"
322,125,6,B,LJ,"American beech"
321,125,6,A,LI,"American beech"
320,125,5,E,LH,"American beech"
319,125,5,D,LG,"Great rhododendron"
318,125,5,C,LF,"Great rhododendron"
317,125,5,B,LE,"Sugar maple"
316,125,5,A,LD,"Great rhododendron"
315,125,4,E,LC,"American chestnut"
314,125,4,D,LB,"American chestnut"
313,125,4,C,LA,"Great rhododendron"
312,125,4,B,KZ,"Great rhododendron"
311,125,4,A,KY,"Great rhododendron"
310,125,3,E,KX,N/A
309,125,3,D,KW,"Great rhododendron"
308,125,3,C,KV,"Great rhododendron"
307,125,3,B,KU,"Great rhododendron"
306,125,3,A,KT,"Great rhododendron"
305,125,2,E,KS,"Great rhododendron"
304,125,2,D,KR,"Yellow birch"
303,125,2,C,KQ,N/A
302,125,2,B,KP,"Great rhododendron"
301,125,2,A,KO,"American beech"
300,124,9,E,KN,N/A
299,124,9,D,KM,"Great rhododendron"
298,124,9,C,KL,"Great rhododendron"
297,124,9,B,KK,"Great rhododendron"
296,124,9,A,KJ,N/A
295,124,8,E,KI,"Great rhododendron"
294,124,8,D,KH,"Mountain or fraser magnolia"
293,124,8,C,KG,"Red maple"
292,124,8,B,KF,"Mountain or fraser magnolia"
291,124,8,A,KE,"Mountain or fraser magnolia"
290,124,7,E,KD,N/A
289,124,7,D,KC,"Great rhododendron"
288,124,7,C,KB,"Great rhododendron"
287,124,7,B,KA,"Great rhododendron"
286,124,7,A,JZ,"Great rhododendron"
285,124,6,E,JY,N/A
284,124,6,D,JX,"Great rhododendron"
283,124,6,C,JW,"American chestnut"
282,124,6,B,JV,"Great rhododendron"
281,124,6,A,JU,"Great rhododendron"
280,124,5,E,JT,"Great rhododendron"
279,124,5,D,JS,N/A
278,124,5,C,JR,"Great rhododendron"
277,124,5,B,JQ,"Great rhododendron"
276,124,5,A,JP,"Great rhododendron"
275,124,4,E,JO,"Great rhododendron"
274,124,4,D,JN,N/A
273,124,4,C,JM,"Great rhododendron"
272,124,4,B,JL,"Witch hazel"
271,124,4,A,JK,N/A
270,124,3,E,JJ,"Carolina silverbell"
269,124,3,D,JI,N/A
268,124,3,C,JH,"Mountain or fraser magnolia"
267,124,3,B,JG,"Great rhododendron"
266,124,3,A,JF,N/A
265,124,2,E,JE,"American chestnut"
264,124,2,D,JD,"American chestnut"
263,124,2,C,JC,"Great rhododendron"
262,124,2,B,JB,"Great rhododendron"
261,124,2,A,JA,"Great rhododendron"
260,123,9,E,IZ,N/A
259,123,9,D,IY,"Red maple"
258,123,9,C,IX,"Mountain laurel"
257,123,9,B,IW,"Red maple"
256,123,9,A,IV,"Red maple"
255,123,8,E,IU,Sourwood
254,123,8,D,IT,"Witch hazel"
253,123,8,C,IS,"Mountain laurel"
252,123,8,B,IR,N/A
251,123,8,A,IQ,"Great rhododendron"
250,123,7,E,IP,"Mountain laurel"
249,123,7,D,IO,"Great rhododendron"
248,123,7,C,IN,"Great rhododendron"
247,123,7,B,IM,"Mountain laurel"
246,123,7,A,IL,"Mountain laurel"
245,123,6,E,IK,"Mountain laurel"
244,123,6,D,IJ,"Great rhododendron"
243,123,6,C,II,"Red maple"
242,123,6,B,IH,N/A
241,123,6,A,IG,"Great rhododendron"
240,123,5,E,IF,"Red maple"
239,123,5,D,IE,N/A
238,123,5,C,ID,"Great rhododendron"
237,123,5,B,IC,Sassafras
236,123,5,A,IB,"Great rhododendron"
235,123,4,E,IA,"Great rhododendron"
234,123,4,D,HZ,"Mountain laurel"
233,123,4,C,HY,Blackgum
232,123,4,B,HX,"Mountain laurel"
231,123,4,A,HW,N/A
230,123,3,E,HV,"Red maple"
229,123,3,D,HU,N/A
228,123,3,C,HT,"Mountain laurel"
227,123,3,B,HS,N/A
226,123,3,A,HR,N/A
225,123,2,E,HQ,"Mountain laurel"
224,123,2,D,HP,"Mountain laurel"
223,123,2,C,HO,"Mountain laurel"
222,123,2,B,HN,"Mountain laurel"
221,123,2,A,HM,"Great rhododendron"
220,122,6,E,HL,N/A
219,122,6,D,HK,N/A
218,122,6,C,HJ,N/A
217,122,6,B,HI,N/A
216,122,6,A,HH,"American beech"
215,122,5,E,HG,"Great rhododendron"
214,122,5,D,HF,"Great rhododendron"
213,122,5,C,HE,"Mountain laurel"
212,122,5,B,HD,"Mountain laurel"
211,122,5,A,HC,N/A
210,122,4,E,HB,Sourwood
209,122,4,D,HA,"Red maple"
208,122,4,C,GZ,"Great rhododendron"
207,122,4,B,GY,N/A
206,122,4,A,GX,"American beech"
205,122,3,E,GW,"Great rhododendron"
204,122,3,D,GV,"Great rhododendron"
203,122,3,C,GU,"Mountain laurel"
202,122,3,B,GT,"Mountain laurel"
201,122,3,A,GS,"Great rhododendron"
200,122,2,E,GR,"Striped maple"
199,122,2,D,GQ,N/A
198,122,2,C,GP,"Mountain laurel"
197,122,2,B,GO,"Mountain laurel"
196,122,2,A,GN,"Red maple"
195,121,6,E,GM,N/A
194,121,6,D,GL,N/A
193,121,6,C,GK,N/A
192,121,6,B,GJ,N/A
191,121,6,A,GI,Sourwood
190,121,5,E,GH,N/A
189,121,5,D,GG,"Great rhododendron"
188,121,5,C,GF,"Mountain laurel"
187,121,5,B,GE,Blackgum
186,121,5,A,GD,"Mountain laurel"
185,121,4,E,GC,Blackgum
184,121,4,D,GB,N/A
183,121,4,C,GA,"Mountain laurel"
182,121,4,B,FZ,"Great rhododendron"
181,121,4,A,FY,"Mountain laurel"
180,121,3,E,FX,"Great rhododendron"
179,121,3,D,FW,"Mountain laurel"
178,121,3,C,FV,N/A
177,121,3,B,FU,N/A
176,121,3,A,FT,"Mountain laurel"
175,121,2,E,FS,Sourwood
174,121,2,D,FR,"Mountain laurel"
173,121,2,C,FQ,"Mountain laurel"
172,121,2,B,FP,"Mountain laurel"
171,121,2,A,FO,N/A
170,120,9,E,FN,N/A
169,120,9,D,FM,"Mountain or fraser magnolia"
168,120,9,C,FL,N/A
167,120,9,B,FK,"Striped maple"
166,120,9,A,FJ,N/A
165,120,8,E,FI,Sourwood
164,120,8,D,FH,"Red maple"
163,120,8,C,FG,N/A
162,120,8,B,FF,"Buffalo nut"
161,120,8,A,FE,"Yellow buckeye"
160,120,7,E,FD,"Buffalo nut"
159,120,7,D,FC,"Yellow buckeye"
158,120,7,C,FB,"Red maple"
157,120,7,B,FA,N/A
156,120,7,A,EZ,"Red maple"
155,120,6,E,EY,"Yellow buckeye"
154,120,6,D,EX,"Chestnut oak"
153,120,6,C,EW,"American basswood"
152,120,6,B,EV,"Buffalo nut"
151,120,6,A,EU,N/A
150,120,5,E,ET,N/A
149,120,5,D,ES,N/A
148,120,5,C,ER,"Great rhododendron"
147,120,5,B,EQ,"Mountain holly"
146,120,5,A,EP,N/A
145,120,4,E,EO,"Buffalo nut"
144,120,4,D,EN,"Red maple"
143,120,4,C,EM,"Great rhododendron"
142,120,4,B,EL,N/A
141,120,4,A,EK,"Buffalo nut"
140,120,3,E,EJ,N/A
139,120,3,D,EI,"American beech"
138,120,3,C,EH,"Buffalo nut"
137,120,3,B,EG,"Yellow buckeye"
136,120,3,A,EF,N/A
135,120,2,E,EE,"Yellow buckeye"
134,120,2,D,ED,"Buffalo nut"
133,120,2,C,EC,"Buffalo nut"
132,120,2,B,EB,"Buffalo nut"
131,120,2,A,EA,"American basswood"
130,119,6,E,DZ,N/A
129,119,6,D,DY,N/A
128,119,6,C,DX,N/A
127,119,6,B,DW,N/A
126,119,6,A,DV,"Great rhododendron"
125,119,5,E,DU,"Carolina silverbell"
124,119,5,D,DT,"American beech"
123,119,5,C,DS,"Striped maple"
122,119,5,B,DR,"Great rhododendron"
121,119,5,A,DQ,"Sugar maple"
120,119,4,E,DP,"Great rhododendron"
119,119,4,D,DO,"Carolina silverbell"
118,119,4,C,DN,"Great rhododendron"
117,119,4,B,DM,Sourwood
116,119,4,A,DL,"Striped maple"
115,119,3,E,DK,"American beech"
114,119,3,D,DJ,N/A
113,119,3,C,DI,"American beech"
112,119,3,B,DH,"Carolina silverbell"
111,119,3,A,DG,"Striped maple"
110,119,2,E,DF,"Great rhododendron"
109,119,2,D,DE,"Sugar maple"
108,119,2,C,DD,N/A
107,119,2,B,DC,"Great rhododendron"
106,119,2,A,DB,"Mountain or fraser magnolia"
105,117,9,E,DA,N/A
104,117,9,D,CZ,"Great rhododendron"
103,117,9,C,CY,"Great rhododendron"
102,117,9,B,CX,"Great rhododendron"
101,117,9,A,CW,"Great rhododendron"
100,117,8,E,CV,"Great rhododendron"
99,117,8,D,CU,"Great rhododendron"
98,117,8,C,CT,"Mountain laurel"
97,117,8,B,CS,N/A
96,117,8,A,CR,"Great rhododendron"
95,117,7,E,CQ,N/A
94,117,7,D,CP,"American beech"
93,117,7,C,CO,"American beech"
92,117,7,B,CN,"Striped maple"
91,117,7,A,CM,"Great rhododendron"
90,117,6,E,CL,"American beech"
89,117,6,D,CK,N/A
88,117,6,C,CJ,N/A
87,117,6,B,CI,"Witch hazel"
86,117,6,A,CH,"Striped maple"
85,117,5,E,CG,"Witch hazel"
84,117,5,D,CF,"Striped maple"
83,117,5,C,CE,"Witch hazel"
82,117,5,B,CD,"Mountain or fraser magnolia"
81,117,5,A,CC,"Great rhododendron"
80,117,4,E,CB,"Witch hazel"
79,117,4,D,CA,"Great rhododendron"
78,117,4,C,BZ,"Witch hazel"
77,117,4,B,BY,"Witch hazel"
76,117,4,A,BX,"Witch hazel"
75,117,3,E,BW,"Sugar maple"
74,117,3,D,BV,"Witch hazel"
73,117,3,C,BU,"Yellow buckeye"
72,117,3,B,BT,"American beech"
71,117,3,A,BS,"Great rhododendron"
70,117,2,E,BR,"Great rhododendron"
69,117,2,D,BQ,"American beech"
68,117,2,C,BP,"Great rhododendron"
67,117,2,B,BO,"Great rhododendron"
66,117,2,A,BN,"Great rhododendron"
65,115,6,E,BM,N/A
64,115,6,D,BL,N/A
63,115,6,C,BK,N/A
62,115,6,B,BJ,N/A
61,115,6,A,BI,"Mountain laurel"
60,115,5,E,BH,"Mountain laurel"
59,115,5,D,BG,"Great rhododendron"
58,115,5,C,BF,"Great rhododendron"
57,115,5,B,BE,"Great rhododendron"
56,115,5,A,BD,"Mountain laurel"
55,115,4,E,BC,"Mountain laurel"
54,115,4,D,BB,"Mountain laurel"
53,115,4,C,BA,"Mountain laurel"
52,115,4,B,AZ,"Buffalo nut"
51,115,4,A,AY,"Mountain laurel"
50,115,3,E,AX,"Red maple"
49,115,3,D,AW,"Red maple"
48,115,3,C,AV,"Mountain laurel"
47,115,3,B,AU,"Mountain laurel"
46,115,3,A,AT,"American beech"
45,115,2,E,AS,"Striped maple"
44,115,2,D,AR,"Red maple"
43,115,2,C,AQ,"Red maple"
42,115,2,B,AP,Blackgum
41,115,2,A,AO,"Striped maple"
40,114,9,E,AN,N/A
39,114,9,D,AM,"Great rhododendron"
38,114,9,C,AL,"Great rhododendron"
37,114,9,B,AK,"American beech"
36,114,9,A,AJ,"Tulip poplar"
35,114,8,E,AI,N/A
34,114,8,D,AH,"Red maple"
33,114,8,C,AG,"American hornbeam"
32,114,8,B,AF,"American hornbeam"
31,114,8,A,AE,"Red maple"
30,114,7,E,AD,N/A
29,114,7,D,AC,N/A
28,114,7,C,AB,"American beech"
27,114,7,B,AA,"American beech"
26,114,7,A,Z,N/A
25,114,6,E,Y,"Great rhododendron"
24,114,6,D,X,"American beech"
23,114,6,C,W,"Carolina silverbell"
22,114,6,B,V,"Carolina silverbell"
21,114,6,A,U,"American beech"
20,114,5,E,T,"Great rhododendron"
19,114,5,D,S,"Sugar maple"
18,114,5,C,R,N/A
17,114,5,B,Q,"Great rhododendron"
16,114,5,A,P,"American beech"
15,114,4,E,O,"American hornbeam"
14,114,4,D,N,"Great rhododendron"
13,114,4,C,M,"American beech"
12,114,4,B,L,N/A
11,114,4,A,K,"American basswood"
10,114,3,E,J,"Great rhododendron"
9,114,3,D,I,"Striped maple"
8,114,3,C,H,N/A
7,114,3,B,G,N/A
6,114,3,A,F,"American beech"
5,114,2,E,E,"Great rhododendron"
4,114,2,D,D,"Great rhododendron"
3,114,2,C,C,N/A
2,114,2,B,B,N/A
1,114,2,A,A,"Great rhododendron"
912,148,1,E,AIB,"Sweet birch"
911,148,1,D,AIA,"Sweet birch"
910,148,1,C,AHZ,"Striped maple"
909,148,1,B,AHY,"Sweet birch"
908,148,1,A,AHX,"Sweet birch"
907,147,1,E,AHW,"Chestnut oak"
906,147,1,D,AHV,"Slippery elm"
905,147,1,C,AHU,"Witch hazel"
904,147,1,B,AHT,"Chestnut oak"
903,147,1,A,AHS,"Witch hazel"
902,146,1,E,AHR,N/A
901,146,1,D,AHQ,N/A
900,146,1,C,AHP,"Red maple"
899,146,1,B,AHO,"Witch hazel"
898,146,1,A,AHN,"Witch hazel"
897,145,1,E,AHM,"American basswood"
896,145,1,D,AHL,"Tulip poplar"
895,145,1,C,AHK,"Striped maple"
894,145,1,B,AHJ,"Slippery elm"
893,145,1,A,AHI,"Striped maple"
892,144,1,E,AHH,N/A
891,144,1,D,AHG,N/A
890,144,1,C,AHF,N/A
889,144,1,B,AHE,"Witch hazel"
888,144,1,A,AHD,"Witch hazel"
887,143,1,E,AHC,"Striped maple"
886,143,1,D,AHB,"Sweet birch"
885,143,1,C,AHA,N/A
884,143,1,B,AGZ,"Witch hazel"
883,143,1,A,AGY,"Striped maple"
882,142,1,E,AGX,"Striped maple"
881,142,1,D,AGW,"Striped maple"
880,142,1,C,AGV,"Great rhododendron"
879,142,1,B,AGU,"Witch hazel"
878,142,1,A,AGT,"Great rhododendron"
877,141,1,E,AGS,"American beech"
876,141,1,D,AGR,"American beech"
875,141,1,C,AGQ,N/A
874,141,1,B,AGP,"Witch hazel"
873,141,1,A,AGO,"American beech"
872,140,1,E,AGN,"Red maple"
871,140,1,D,AGM,"Ash spp."
870,140,1,C,AGL,N/A
869,140,1,B,AGK,"Black cherry"
868,140,1,A,AGJ,Blackgum
867,139,1,E,AGI,"Striped maple"
866,139,1,D,AGH,"Hickory spp."
865,139,1,C,AGG,"American basswood"
864,139,1,B,AGF,"Witch hazel"
863,139,1,A,AGE,"Striped maple"
862,138,1,E,AGD,"Mountain laurel"
861,138,1,D,AGC,"Red maple"
860,138,1,C,AGB,"Red maple"
859,138,1,B,AGA,"Mountain laurel"
858,138,1,A,AFZ,"Mountain laurel"
857,137,1,E,AFY,N/A
856,137,1,D,AFX,N/A
855,137,1,C,AFW,N/A
854,137,1,B,AFV,Blackgum
853,137,1,A,AFU,N/A
852,136,1,E,AFT,N/A
851,136,1,D,AFS,"Cucumber magnolia"
850,136,1,C,AFR,"American hornbeam"
849,136,1,B,AFQ,N/A
848,136,1,A,AFP,"Witch hazel"
847,135,1,E,AFO,Sassafras
846,135,1,D,AFN,Blackgum
845,135,1,C,AFM,N/A
844,135,1,B,AFL,"Sugar maple"
843,135,1,A,AFK,N/A
842,134,1,E,AFJ,"Mountain laurel"
841,134,1,D,AFI,"Mountain laurel"
840,134,1,C,AFH,"Mountain laurel"
839,134,1,B,AFG,"Mountain laurel"
838,134,1,A,AFF,"Mountain laurel"
837,133,1,E,AFE,"Mountain laurel"
836,133,1,D,AFD,"Mountain laurel"
835,133,1,C,AFC,"Mountain laurel"
834,133,1,B,AFB,Russian-olive
833,133,1,A,AFA,"Mountain laurel"
832,132,1,E,AEZ,"American beech"
831,132,1,D,AEY,"American beech"
830,132,1,C,AEX,"Striped maple"
829,132,1,B,AEW,"American beech"
828,132,1,A,AEV,"Great rhododendron"
827,131,1,E,AEU,"Carolina silverbell"
826,131,1,D,AET,"Yellow birch"
825,131,1,C,AES,"Sugar maple"
824,131,1,B,AER,"Carolina silverbell"
823,131,1,A,AEQ,"Flowering dogwood"
822,130,1,E,AEP,"Great rhododendron"
821,130,1,D,AEO,"Great rhododendron"
820,130,1,C,AEN,"Great rhododendron"
819,130,1,B,AEM,N/A
818,130,1,A,AEL,"Great rhododendron"
817,129,1,E,AEK,"Great rhododendron"
816,129,1,D,AEJ,"Yellow birch"
815,129,1,C,AEI,"Rhododendron spp."
814,129,1,B,AEH,"Great rhododendron"
813,129,1,A,AEG,"Great rhododendron"
812,128,1,E,AEF,"Great rhododendron"
811,128,1,D,AEE,"Great rhododendron"
810,128,1,C,AED,"Striped maple"
809,128,1,B,AEC,"Great rhododendron"
808,128,1,A,AEB,Sassafras
807,127,1,E,AEA,"Rhododendron spp."
806,127,1,D,ADZ,"Rhododendron spp."
805,127,1,C,ADY,"Rhododendron spp."
804,127,1,B,ADX,"Rhododendron spp."
803,127,1,A,ADW,"Rhododendron spp."
802,126,1,E,ADV,"Rhododendron spp."
801,126,1,D,ADU,N/A
800,126,1,C,ADT,N/A
799,126,1,B,ADS,N/A
798,126,1,A,ADR,N/A
797,125,1,E,ADQ,N/A
796,125,1,D,ADP,"Yellow buckeye"
795,125,1,C,ADO,N/A
794,125,1,B,ADN,N/A
793,125,1,A,ADM,"Carolina silverbell"
792,124,1,E,ADL,"Great rhododendron"
791,124,1,D,ADK,"Great rhododendron"
790,124,1,C,ADJ,"Great rhododendron"
789,124,1,B,ADI,"Great rhododendron"
788,124,1,A,ADH,"Great rhododendron"
787,123,1,E,ADG,"Great rhododendron"
786,123,1,D,ADF,"Mountain laurel"
785,123,1,C,ADE,"Red maple"
784,123,1,B,ADD,"Red maple"
783,123,1,A,ADC,"Mountain laurel"
782,122,1,E,ADB,Sourwood
781,122,1,D,ADA,"Mountain laurel"
780,122,1,C,ACZ,"Mountain laurel"
779,122,1,B,ACY,"Mountain laurel"
778,122,1,A,ACX,"Mountain laurel"
777,121,1,E,ACW,"Mountain laurel"
776,121,1,D,ACV,"Hickory spp."
775,121,1,C,ACU,"Red maple"
774,121,1,B,ACT,"Red maple"
773,121,1,A,ACS,"Mountain laurel"
772,120,1,E,ACR,"Buffalo nut"
771,120,1,D,ACQ,"Sugar maple"
770,120,1,C,ACP,N/A
769,120,1,B,ACO,"Great rhododendron"
768,120,1,A,ACN,N/A
767,119,1,E,ACM,"Great rhododendron"
766,119,1,D,ACL,"Striped maple"
765,119,1,C,ACK,"Striped maple"
764,119,1,B,ACJ,"Great rhododendron"
763,119,1,A,ACI,"Striped maple"
762,118,1,E,ACH,"Rhododendron spp."
761,118,1,D,ACG,"Striped maple"
760,118,1,C,ACF,N/A
759,118,1,B,ACE,"Sugar maple"
758,118,1,A,ACD,N/A
757,117,1,E,ACC,"Great rhododendron"
756,117,1,D,ACB,"Great rhododendron"
755,117,1,C,ACA,"American basswood"
754,117,1,B,ABZ,"Great rhododendron"
753,117,1,A,ABY,"Great rhododendron"
752,116,1,E,ABX,"Witch hazel"
751,116,1,D,ABW,Sourwood
750,116,1,C,ABV,"American chestnut"
749,116,1,B,ABU,"Mountain laurel"
748,116,1,A,ABT,"Rhododendron spp."
747,115,1,E,ABS,N/A
746,115,1,D,ABR,"Red maple"
745,115,1,C,ABQ,Sourwood
744,115,1,B,ABP,"Mountain laurel"
743,115,1,A,ABO,"Great rhododendron"
742,114,1,E,ABN,N/A
741,114,1,D,ABM,"American hornbeam"
740,114,1,C,ABL,"Great rhododendron"
739,114,1,B,ABK,"Great rhododendron"
738,114,1,A,ABJ,"Great rhododendron"
737,113,1,E,ABI,"Rhododendron spp."
736,113,1,D,ABH,"Red maple"
735,113,1,C,ABG,N/A
734,113,1,B,ABF,"Red maple"
733,113,1,A,ABE,"Red maple"
732,112,4,E,ABD,N/A
731,112,4,D,ABC,N/A
730,112,4,C,ABB,N/A
729,112,4,B,ABA,N/A
728,112,4,A,AAZ,N/A
727,112,3,E,AAY,N/A
726,112,3,D,AAX,N/A
725,112,3,C,AAW,N/A
724,112,3,B,AAV,N/A
723,112,3,A,AAU,N/A
722,112,2,E,AAT,"Tulip poplar"
721,112,2,D,AAS,"Sugar maple"
720,112,2,C,AAR,Cherry
719,112,2,B,AAQ,"Sugar maple"
718,112,2,A,AAP,"Red oak"
717,112,1,E,AAO,Beech
716,112,1,D,AAN,Beech
705,111,1,C,AAC,N/A
706,111,1,D,AAD,N/A
707,111,1,E,AAE,N/A
708,111,2,A,AAF,N/A
709,111,2,B,AAG,N/A
710,111,2,C,AAH,N/A
711,111,2,D,AAI,N/A
712,111,2,E,AAJ,N/A
713,112,1,A,AAK,"Sycamore spp."
714,112,1,B,AAL,"Catalpa spp."
715,112,1,C,AAM,Beech
1356,60,4,C,BWX,"Southern red oak"
1357,60,7,C,BXM,N/A
1358,167,1,A,AZF,N/A
1359,167,1,B,AZG,N/A
1360,167,1,C,AZH,N/A
1361,167,1,D,AZI,N/A
1362,167,1,E,AZJ,N/A
1363,167,2,A,AZK,N/A
1364,167,2,B,AZL,N/A
1365,167,2,C,AZM,N/A
1366,167,2,D,AZN,N/A
1367,167,2,E,AZO,N/A
1368,168,1,A,AZP,N/A
1369,168,1,B,AZQ,N/A
1370,168,1,C,AZR,N/A
1371,168,1,D,AZS,N/A
1372,168,1,E,AZT,N/A
1373,168,2,A,AZU,N/A
1374,168,2,B,AZV,N/A
1375,168,2,C,AZW,N/A
1376,168,2,D,AZX,N/A
1377,168,2,E,AZY,N/A
1378,168,3,A,AZZ,N/A
1379,168,3,B,BAA,N/A
1380,168,3,C,BAB,N/A
1381,168,3,D,BAC,N/A
1382,168,3,E,BAD,N/A
1383,168,4,A,BAE,N/A
1384,168,4,B,BAF,N/A
1385,168,4,C,BAG,N/A
1386,168,4,D,BAH,N/A
1387,168,4,E,BAI,N/A
1388,169,1,A,BAJ,N/A
1389,169,1,B,BAK,N/A
1390,169,1,C,BAL,N/A
1391,169,1,D,BAM,N/A
1392,169,1,E,BAN,N/A
1393,169,2,A,BAO,N/A
1394,169,2,B,BAP,N/A
1395,169,2,C,BAQ,N/A
1396,169,2,D,BAR,N/A
1397,169,2,E,BAS,N/A
1398,169,3,A,BAT,N/A
1399,169,3,B,BAU,N/A
1400,169,3,C,BAV,N/A
1401,169,3,D,BAW,N/A
1402,169,3,E,BAX,N/A
1403,169,4,A,BAY,N/A
1404,169,4,B,BAZ,N/A
1405,169,4,C,BBA,N/A
1406,169,4,D,BBB,N/A
1407,169,4,E,BBC,N/A
1408,169,5,A,BBD,N/A
1409,169,5,B,BBE,N/A
1410,169,5,C,BBF,N/A
1411,169,5,D,BBG,N/A
1412,169,5,E,BBH,N/A
1413,169,6,A,BBI,N/A
1414,169,6,B,BBJ,N/A
1415,169,6,C,BBK,N/A
1416,169,6,D,BBL,N/A
1417,169,6,E,BBM,N/A
1418,55,2,A,BSK,"American beech"
1419,55,2,B,BSL,"Red maple"
1420,55,2,C,BSM,"American beech"
1421,55,2,D,BSN,"American holly"
1422,55,2,E,BSO,"Red maple"
1423,55,3,A,BSP,"Common serviceberry"
1424,55,3,B,BSQ,"Black cherry"
1425,55,3,C,BSR,"Mockernut hickory"
1426,55,3,D,BSS,"Viburnum dentatum"
1427,55,3,E,BST,Sweetgum
1428,55,4,A,BSU,"Chestnut oak"
1429,55,4,B,BSV,"Red maple"
1430,55,4,C,BSW,"Common serviceberry"
1431,55,4,D,BSX,"Mapleleaf viburnum"
1432,55,4,E,BSY,"White oak"
1433,55,5,A,CDY,Sweetgum
1434,55,5,B,CDZ,"Northern red oak"
1435,55,5,C,CEA,"Pignut hickory"
1436,55,5,D,CEB,"American beech"
1437,55,5,E,CEC,"White oak"
1438,55,6,A,DEN,"American hornbeam"
1439,55,6,B,DEO,"American hornbeam"
1440,55,6,C,DEP,"American beech"
1441,55,6,D,DEQ,"American hornbeam"
1442,55,6,E,DER,"American hornbeam"
1443,55,7,A,DES,"Florida maple"
1444,55,7,B,DET,"American hornbeam"
1445,55,7,C,DEU,"Lindera benzoin"
1446,55,7,D,DEV,Pawpaw
1447,55,7,E,DEW,Pawpaw
1448,55,8,A,DFM,"American hornbeam"
1449,55,8,B,DFN,Itea
1450,55,8,C,DFO,"Eastern redbud"
1451,55,8,D,DFP,"Umbrella magnolia"
1452,55,8,E,DFQ,"American holly"
1453,55,9,A,DFR,"American holly"
1454,55,9,B,DFS,"American hornbeam"
1455,55,9,C,DFT,"Florida maple"
1456,55,9,D,DFU,"American beech"
1457,55,9,E,DFV,"Florida maple"
1458,55,10,A,DFW,"American beech"
1459,55,10,B,DFX,"American beech"
1460,55,10,C,DFY,"Red maple"
1461,55,10,D,DFZ,"American beech"
1462,55,10,E,DGA,Sourwood
1463,170,1,A,BDG,N/A
1464,170,1,B,BDH,N/A
1465,170,1,C,BDI,N/A
1466,170,1,D,BDJ,N/A
1467,170,1,E,BDK,N/A
1468,170,2,A,BDL,N/A
1469,170,2,B,BDM,N/A
1470,170,2,C,BDN,N/A
1471,170,2,D,BDO,N/A
1472,170,2,E,BDP,N/A
1473,171,1,A,BDQ,N/A
1474,171,1,B,BDR,N/A
1475,171,1,C,BDS,N/A
1476,171,1,D,BDT,N/A
1477,171,1,E,BDU,N/A
1478,171,2,A,BDV,N/A
1479,171,2,B,BDW,N/A
1480,171,2,C,BDX,N/A
1511,171,2,D,BFC,N/A
1512,171,2,E,BFD,N/A
1513,172,1,A,BFE,N/A
1514,172,1,B,BFF,N/A
1515,172,1,C,BFG,N/A
1516,172,1,D,BFH,N/A
1517,172,1,E,BFI,N/A
1518,172,2,A,BFJ,N/A
1519,172,2,B,BFK,N/A
1520,172,2,C,BFL,N/A
1521,172,2,D,BFM,N/A
1522,172,2,E,BFN,N/A
1523,172,3,A,BFO,N/A
1524,172,3,B,BFP,N/A
1525,172,3,C,BFQ,N/A
1526,172,3,D,BFR,N/A
1527,172,3,E,BFS,N/A
1528,172,4,A,BFT,N/A
1529,172,4,B,BFU,N/A
1530,172,4,C,BFV,N/A
1531,172,4,D,BFW,N/A
1532,172,4,E,BFX,N/A
1533,172,5,A,BFY,N/A
1534,172,5,B,BFZ,N/A
1535,172,5,C,BGA,N/A
1536,172,5,D,BGB,N/A
1537,172,5,E,BGC,N/A
1538,172,6,A,BGD,N/A
1539,172,6,B,BGE,N/A
1540,172,6,C,BGF,N/A
1627,172,6,D,BJO,N/A
1651,172,6,E,BKM,N/A
1652,173,1,A,BKN,N/A
1653,173,1,B,BKO,N/A
1654,173,1,C,BKP,N/A
1655,173,1,D,BKQ,N/A
1656,173,1,E,BKR,N/A
1657,173,2,A,BKS,N/A
1658,173,2,B,BKT,N/A
1659,173,2,C,BKU,N/A
1660,173,2,D,BKV,N/A
1661,173,2,E,BKW,N/A
1662,173,3,A,BKX,N/A
1663,173,3,B,BKY,N/A
1664,173,3,C,BKZ,N/A
1665,173,3,D,BLA,N/A
1666,173,3,E,BLB,N/A
1667,173,4,A,BLC,N/A
1668,173,4,B,BLD,N/A
1669,173,4,C,BLE,N/A
1670,173,4,D,BLF,N/A
1671,173,4,E,BLG,N/A
1672,173,5,A,BLH,N/A
1673,173,5,B,BLI,N/A
1674,173,5,C,BLJ,N/A
1675,173,5,D,BLK,N/A
1826,173,5,E,BRF,N/A
1827,173,6,A,BRG,N/A
1828,173,6,B,BRH,N/A
1829,173,6,C,BRI,N/A
1830,173,6,D,BRJ,N/A
1831,173,6,E,BRK,N/A
1932,173,7,A,BVH,N/A
1933,173,7,B,BVI,N/A
1934,173,7,C,BVJ,N/A
1935,173,7,D,BVK,N/A
1936,173,7,E,BVL,N/A
1937,173,8,A,BVM,N/A
1938,173,8,B,BVN,N/A
1939,173,8,C,BVO,N/A
1940,173,8,D,BVP,N/A
1941,173,8,E,BVQ,N/A
2057,174,1,A,CAC,N/A
2058,174,1,B,CAD,N/A
2059,174,1,C,CAE,N/A
2060,174,1,D,CAF,N/A
2061,174,1,E,CAG,N/A
2082,174,2,A,CBB,N/A
2083,174,2,B,CBC,N/A
2084,174,2,C,CBD,N/A
2085,174,2,D,CBE,N/A
2086,174,2,E,CBF,N/A
2087,60,23,D,CDR,"Hawthorn spp."
