ID,Date,UTCTime,IP,Page,File,Filters
10,2018-11-27,18:02:36,10.1.51.1,dataDownload,"Dynamically Generated CSV","Site: 106, YearStart: 2018, YearEnd: 2018, Arthropod: caterpillar"
11,2018-11-27,18:08:05,10.1.51.1,dataDownload,"Dynamically Generated CSV","Site: 100, YearStart: 2018, YearEnd: 2018, Arthropod: caterpillar"
12,2018-11-27,18:10:26,10.1.51.1,dataDownload,"Dynamically Generated CSV","Site: 56, YearStart: 2018, YearEnd: 2018, Arthropod: caterpillar"
13,2018-11-27,18:12:28,10.1.51.1,dataDownload,"Dynamically Generated CSV","Site: 101, YearStart: 2018, YearEnd: 2018, Arthropod: caterpillar"
14,2018-11-27,18:15:13,10.1.51.1,dataDownload,"Dynamically Generated CSV","Site: 54, YearStart: 2018, YearEnd: 2018, Arthropod: caterpillar"
15,2018-11-27,18:17:28,10.1.51.1,dataDownload,"Dynamically Generated CSV","Site: 97, YearStart: 2018, YearEnd: 2018, Arthropod: caterpillar"
16,2018-11-27,18:19:19,10.1.51.1,dataDownload,"Dynamically Generated CSV","Site: 78, YearStart: 2018, YearEnd: 2018, Arthropod: caterpillar"
17,2018-11-27,18:27:37,10.1.51.1,dataDownload,"Dynamically Generated CSV","Site: 77, YearStart: 2018, YearEnd: 2018, Arthropod: caterpillar"
18,2018-11-27,22:24:34,10.1.49.1,resources,GettingStarted.pdf,
19,2018-11-27,22:24:58,10.1.49.1,resources,TrainingParticipants.pdf,
20,2018-11-27,22:25:37,10.1.49.1,identificationSkills,ArthropodIDGuide.pdf,
21,2018-11-27,22:26:13,10.1.49.1,identificationSkills,"Dichotomous Keys to Arthropod Orders.pdf",
22,2018-11-27,22:27:56,10.1.49.1,resources,"Arthropod Food Web lesson plan.pdf",
23,2018-11-27,22:30:50,10.1.49.1,resources,"Phenology Across Trophic Levels lesson plan.pdf",
24,2018-11-27,22:32:23,10.1.49.1,resources,"Data Exploration.pdf",
25,2018-11-27,22:32:41,10.1.49.1,resources,MSPhenology.pdf,
26,2018-11-27,22:35:27,10.1.49.1,resources,hotOrCold.pdf,
27,2018-11-28,03:15:33,10.1.51.1,resources,GettingStarted.pdf,
28,2018-11-28,03:19:24,10.1.51.1,resources,MSPhenology.pdf,
29,2018-11-28,03:47:14,10.1.51.1,resources,"Phenology Across Trophic Levels lesson plan.pdf",
30,2018-11-28,19:38:30,10.1.49.1,conductASurvey,paperDataSheet.pdf,
31,2018-11-28,20:35:21,10.1.49.1,identificationSkills,"Dichotomous Keys to Arthropod Orders.pdf",
32,2018-11-28,20:36:29,10.1.49.1,identificationSkills,ArthropodIDGuide.pdf,
33,2018-11-28,21:28:16,10.1.49.1,resources,"Arthropod Food Web lesson plan.pdf",
34,2018-11-28,21:28:48,10.1.49.1,resources,MSPhenology.pdf,
35,2018-11-28,21:28:55,10.1.49.1,resources,"Phenology Across Trophic Levels lesson plan.pdf",
36,2018-11-29,03:08:00,10.1.51.1,,,
37,2018-11-29,04:10:34,10.1.50.1,identificationSkills/index.html,"Dichotomous Keys to Arthropod Orders.pdf",
38,2018-11-29,14:56:24,10.1.51.1,identificationSkills/index.html,,
39,2018-12-04,18:10:33,10.1.50.1,dataDownload,"Dynamically Generated CSV","Site: 106, YearStart: 2018, YearEnd: 2018, Arthropod: caterpillar"
40,2018-12-04,18:18:20,10.1.50.1,dataDownload,"Dynamically Generated CSV","Site: 100, YearStart: 2018, YearEnd: 2018, Arthropod: caterpillar"
41,2018-12-04,18:20:07,10.1.50.1,dataDownload,"Dynamically Generated CSV","Site: 56, YearStart: 2018, YearEnd: 2018, Arthropod: caterpillar"
42,2018-12-04,18:21:40,10.1.50.1,dataDownload,"Dynamically Generated CSV","Site: 101, YearStart: 2018, YearEnd: 2018, Arthropod: caterpillar"
43,2018-12-04,18:22:52,10.1.50.1,dataDownload,"Dynamically Generated CSV","Site: 54, YearStart: 2018, YearEnd: 2018, Arthropod: caterpillar"
44,2018-12-04,18:23:38,10.1.50.1,dataDownload,"Dynamically Generated CSV","Site: 97, YearStart: 2018, YearEnd: 2018, Arthropod: caterpillar"
45,2018-12-04,18:24:33,10.1.50.1,dataDownload,"Dynamically Generated CSV","Site: 78, YearStart: 2018, YearEnd: 2018, Arthropod: caterpillar"
46,2018-12-04,18:25:56,10.1.50.1,dataDownload,"Dynamically Generated CSV","Site: 77, YearStart: 2018, YearEnd: 2018, Arthropod: caterpillar"
47,2018-12-04,19:15:42,10.1.49.1,dataDownload,"Dynamically Generated CSV","Site: 106, YearStart: 2018, YearEnd: 2018, Arthropod: All"
48,2018-12-04,19:48:39,10.1.49.1,dataDownload,"Dynamically Generated CSV","Site: 77, YearStart: 2018, YearEnd: 2018, Arthropod: All"
49,2018-12-05,04:44:32,10.1.50.1,identificationSkills/index.html,,
50,2018-12-05,04:44:39,10.1.50.1,identificationSkills/index.html,,
51,2018-12-05,06:01:21,10.1.49.1,identificationSkills,ArthropodIDGuide.pdf,
52,2018-12-09,05:06:49,10.1.51.1,conductASurvey,paperDataSheet.pdf,
53,2018-12-10,20:36:03,10.1.51.1,identificationSkills,ArthropodIDGuide.pdf,
54,2018-12-10,22:23:35,10.1.49.1,identificationSkills,ArthropodIDGuide.pdf,
55,2018-12-10,22:45:53,10.1.50.1,identificationSkills,ArthropodIDGuide.pdf,
56,2018-12-11,00:46:22,10.1.51.1,identificationSkills/index.html,,
57,2018-12-11,01:19:36,10.1.50.1,identificationSkills,ArthropodIDGuide.pdf,
58,2018-12-11,19:05:07,10.1.50.1,identificationSkills,ArthropodIDGuide.pdf,
59,2018-12-11,20:49:32,10.1.49.1,identificationSkills,ArthropodIDGuide.pdf,
60,2018-12-11,22:13:29,10.1.50.1,mapsAndGraphs,"Dynamically Generated Map CSV","Comparison Metric: Occurrence (%), Observation Method: All, Arthropod Group: Caterpillars, Minimum Length (mm): 0, Plant Species: All, Wet Leaves: true, Month Start: 1, Month End: 12, Year Start: 2010, YearEnd: 2018"
61,2018-12-11,22:58:51,10.1.50.1,identificationSkills/index.html,,
62,2018-12-12,01:52:53,10.1.49.1,identificationSkills,ArthropodIDGuide.pdf,
63,2018-12-12,05:28:55,10.1.49.1,identificationSkills,ArthropodIDGuide.pdf,
64,2018-12-12,05:43:48,10.1.51.1,identificationSkills,ArthropodIDGuide.pdf,
65,2018-12-12,15:43:47,10.1.50.1,identificationSkills,ArthropodIDGuide.pdf,
66,2018-12-12,16:53:40,10.1.51.1,identificationSkills,ArthropodIDGuide.pdf,
67,2018-12-13,17:25:44,10.1.51.1,dataDownload,"Dynamically Generated CSV","Site: 73, YearStart: 2014, YearEnd: 2018, Arthropod: All"
68,2018-12-16,18:30:33,10.1.50.1,identificationSkills,ArthropodIDGuide.pdf,
69,2018-12-16,19:13:40,10.1.50.1,identificationSkills,ArthropodIDGuide.pdf,
70,2018-12-17,19:53:49,10.1.49.1,identificationSkills/index.html,,
71,2018-12-17,21:08:40,10.1.49.1,identificationSkills/index.html,,
72,2018-12-18,00:17:13,10.1.50.1,identificationSkills/index.html,,
73,2018-12-18,01:24:51,10.1.49.1,identificationSkills,ArthropodIDGuide.pdf,
74,2018-12-18,02:18:44,10.1.49.1,identificationSkills,ArthropodIDGuide.pdf,
75,2018-12-18,05:06:30,10.1.49.1,identificationSkills,ArthropodIDGuide.pdf,
76,2018-12-18,07:07:50,10.1.50.1,identificationSkills/index.html,,
77,2018-12-18,07:08:22,10.1.50.1,identificationSkills/index.html,,
78,2018-12-18,07:08:27,10.1.50.1,identificationSkills/index.html,,
79,2018-12-18,12:30:12,10.1.50.1,identificationSkills/index.html,,
80,2018-12-18,12:38:22,10.1.50.1,identificationSkills,ArthropodIDGuide.pdf,
81,2018-12-18,12:53:57,10.1.49.1,identificationSkills,ArthropodIDGuide.pdf,
82,2018-12-18,12:58:35,10.1.49.1,identificationSkills,ArthropodIDGuide.pdf,
83,2018-12-20,21:12:58,10.1.51.1,identificationSkills,ArthropodIDGuide.pdf,
84,2018-12-20,21:15:53,10.1.51.1,identificationSkills,"Dichotomous Keys to Arthropod Orders.pdf",
85,2018-12-20,21:22:00,10.1.51.1,resources,GettingStarted.pdf,
86,2018-12-20,21:22:26,10.1.51.1,resources,TrainingParticipants.pdf,
87,2018-12-21,08:13:05,10.1.49.1,dataDownload,"Dynamically Generated CSV","Site: All, YearStart: 2010, YearEnd: 2018, Arthropod: caterpillar"
88,2018-12-26,20:23:34,10.1.49.1,conductASurvey,paperDataSheet.pdf,
89,2019-01-03,11:17:34,10.1.49.1,identificationSkills,ArthropodIDGuide.pdf,
90,2019-01-10,19:54:48,10.1.50.1,identificationSkills,"Dichotomous Keys to Arthropod Orders.pdf",
91,2019-01-12,04:36:26,10.1.49.1,,,
92,2019-01-15,19:34:51,10.1.50.1,dataDownload,"Dynamically Generated CSV","Site: 84, YearStart: 2019, YearEnd: 2019, Arthropod: All"
93,2019-01-15,19:35:20,10.1.50.1,dataDownload,"Dynamically Generated CSV","Site: 84, YearStart: 2019, YearEnd: 2019, Arthropod: All"
94,2019-01-16,18:46:08,10.1.51.1,resources,TrainingParticipants.pdf,
95,2019-01-16,18:50:44,10.1.51.1,resources,ManageMySurveysGuide.pdf,
96,2019-01-16,18:51:04,10.1.51.1,identificationSkills,ArthropodIDGuide.pdf,
97,2019-01-16,23:39:11,10.1.49.1,identificationSkills/index.html,,
98,2019-01-18,16:34:14,10.1.50.1,identificationSkills,ArthropodIDGuide.pdf,
99,2019-01-18,16:34:42,10.1.50.1,identificationSkills,ArthropodIDGuide.pdf,
100,2019-01-18,16:34:48,10.1.50.1,identificationSkills,"Dichotomous Keys to Arthropod Orders.pdf",
101,2019-01-19,22:29:56,10.1.50.1,identificationSkills,"Dichotomous Keys to Arthropod Orders.pdf",
102,2019-01-22,15:30:34,10.1.49.1,resources,ManageMySurveysGuide.pdf,
103,2019-01-22,21:51:58,10.1.50.1,,,
104,2019-01-24,21:51:16,10.1.51.1,dataDownload,"Dynamically Generated CSV","Site: 67, YearStart: 2018, YearEnd: 2018, Arthropod: All"
105,2019-01-24,21:55:47,10.1.51.1,resources,ManageMySurveysGuide.pdf,
106,2019-01-24,22:00:10,10.1.51.1,resources,"Data Exploration.pdf",
107,2019-01-25,01:43:56,10.1.51.1,identificationSkills,"Dichotomous Keys to Arthropod Orders.pdf",
108,2019-01-25,19:04:33,10.1.51.1,resources,GettingStarted.pdf,
109,2019-01-25,19:05:04,10.1.51.1,resources,TrainingParticipants.pdf,
110,2019-01-28,08:36:07,10.1.49.1,resources,GettingStarted.pdf,
111,2019-01-28,08:36:13,10.1.49.1,resources,TrainingParticipants.pdf,
112,2019-01-28,20:05:13,10.1.50.1,,,
113,2019-01-29,15:13:38,10.1.51.1,dataDownload,"Dynamically Generated CSV","Site: All, YearStart: 2010, YearEnd: 2019, Arthropod: All"
114,2019-01-29,15:15:49,10.1.49.1,resources,GettingStarted.pdf,
115,2019-01-29,15:16:01,10.1.49.1,resources,TrainingParticipants.pdf,
116,2019-01-29,15:22:56,10.1.49.1,conductASurvey,paperDataSheet.pdf,
117,2019-01-29,15:24:30,10.1.49.1,resources,paperDataSheet.pdf,
118,2019-01-29,15:25:46,10.1.49.1,resources,paperDataSheet.pdf,
119,2019-01-29,15:26:27,10.1.49.1,resources,"Building A Beat Sheet.pdf",
120,2019-01-29,21:10:54,10.1.51.1,mapsAndGraphs,"Dynamically Generated Composition CSV","X-Axis: site, Y-Axis: Percent of Arthropods, Sites Included:"
121,2019-01-29,21:20:45,10.1.50.1,mapsAndGraphs,"Dynamically Generated Composition CSV","X-Axis: site, Y-Axis: Percent of Arthropods, Sites Included: East Carolina University, NC State University, Azalea Repository (TNCA)"
122,2019-01-29,21:24:39,10.1.51.1,mapsAndGraphs,"Dynamically Generated Composition CSV","X-Axis: site, Y-Axis: Percent of Arthropods, Sites Included: East Carolina University, NC State University, Azalea Repository (TNCA)"
123,2019-01-29,21:37:20,10.1.51.1,mapsAndGraphs,"Dynamically Generated Phenology CSV","Y-Axis: Percent of Surveys, Lines:"
124,2019-01-29,21:38:13,10.1.49.1,identificationSkills/index.html,,
125,2019-01-30,20:41:08,10.1.51.1,mapsAndGraphs,"Dynamically Generated Composition CSV","X-Axis: site, Y-Axis: Percent of Arthropods, Sites Included: East Carolina University, Azalea Repository (TNCA), NC State University"
126,2019-01-30,21:11:40,10.1.51.1,mapsAndGraphs,"Dynamically Generated Phenology CSV","Y-Axis: Percent of Surveys, Lines: All arthropods at NC State University in 2018; All arthropods at NC State University in 2018;"
127,2019-01-30,21:16:28,10.1.51.1,mapsAndGraphs,"Dynamically Generated Phenology CSV","Y-Axis: Percent of Surveys, Lines: All arthropods at NC State University in 2018; All arthropods at NC State University in 2018;"
128,2019-01-31,16:32:24,10.1.49.1,identificationSkills/index.html,ArthropodIDGuide.pdf,
129,2019-01-31,16:44:18,10.1.51.1,identificationSkills,ArthropodIDGuide.pdf,
130,2019-01-31,19:33:21,10.1.51.1,conductASurvey,paperDataSheet.pdf,
131,2019-01-31,20:37:50,10.1.50.1,mapsAndGraphs,"Dynamically Generated Composition CSV","X-Axis: site, Y-Axis: Percent of Arthropods, Sites Included: East Carolina University, NC State University"
132,2019-01-31,21:40:51,10.1.51.1,identificationSkills/index.html,,
133,2019-01-31,21:52:54,10.1.51.1,identificationSkills/index.html,,
134,2019-01-31,21:56:47,10.1.49.1,conductASurvey,paperDataSheet.pdf,
135,2019-02-01,03:16:52,10.1.50.1,identificationSkills/index.html,,
136,2019-02-01,03:18:29,10.1.50.1,identificationSkills/index.html,,
137,2019-02-01,15:01:58,10.1.51.1,identificationSkills/index.html,,
138,2019-02-01,15:02:21,10.1.49.1,resources,TrainingParticipants.pdf,
139,2019-02-01,15:02:25,10.1.49.1,resources,GettingStarted.pdf,
140,2019-02-01,15:07:43,10.1.49.1,resources,paperDataSheet.pdf,
141,2019-02-01,15:08:21,10.1.49.1,resources,hotOrCold.pdf,
142,2019-02-01,15:08:25,10.1.49.1,resources,"Vernal Pool Ruggles 2007.pdf",
143,2019-02-01,15:08:26,10.1.49.1,resources,MSPhenology.pdf,
144,2019-02-01,15:08:28,10.1.49.1,resources,"Data Exploration.pdf",
145,2019-02-01,15:08:29,10.1.49.1,resources,"Phenology Across Trophic Levels lesson plan.pdf",
146,2019-02-01,15:08:31,10.1.49.1,resources,"Arthropod Food Web lesson plan.pdf",
147,2019-02-01,16:26:44,10.1.49.1,identificationSkills/index.html,,
148,2019-02-01,16:27:38,10.1.49.1,identificationSkills/index.html,,
149,2019-02-01,16:37:47,10.1.49.1,conductASurvey,paperDataSheet.pdf,
150,2019-02-01,16:38:21,10.1.49.1,conductASurvey,paperDataSheet.pdf,
151,2019-02-01,17:51:16,10.1.51.1,identificationSkills/index.html,,
152,2019-02-01,18:13:47,10.1.50.1,resources,hotOrCold.pdf,
153,2019-02-01,18:37:31,10.1.50.1,identificationSkills/index.html,,
154,2019-02-01,18:38:21,10.1.50.1,identificationSkills/index.html,,
155,2019-02-01,19:25:31,10.1.50.1,mapsAndGraphs,"Dynamically Generated Phenology CSV","Y-Axis: Percent of Surveys, Lines: Caterpillars at NC Botanical Garden in 2017;"
156,2019-02-01,19:25:39,10.1.50.1,mapsAndGraphs,"Dynamically Generated Phenology CSV","Y-Axis: Percent of Surveys, Lines: Caterpillars at NC Botanical Garden in 2017;"
157,2019-02-01,19:40:36,10.1.51.1,conductASurvey,paperDataSheet.pdf,
158,2019-02-01,22:16:10,10.1.50.1,identificationSkills/index.html,,
159,2019-02-01,22:34:28,10.1.51.1,identificationSkills,ArthropodIDGuide.pdf,
160,2019-02-02,20:47:35,10.1.51.1,conductASurvey,paperDataSheet.pdf,
161,2019-02-03,16:20:42,10.1.49.1,identificationSkills/index.html,,
162,2019-02-03,17:36:15,10.1.49.1,resources,MSPhenology.pdf,
163,2019-02-04,18:17:01,10.1.51.1,mapsAndGraphs,"Dynamically Generated Composition CSV","X-Axis: site, Y-Axis: Percent of Arthropods, Sites Included: East Carolina University, NC State University, Azalea Repository (TNCA)"
164,2019-02-04,19:54:23,10.1.49.1,conductASurvey,paperDataSheet.pdf,
165,2019-02-05,00:02:09,10.1.49.1,mapsAndGraphs,"Dynamically Generated Composition CSV","X-Axis: site, Y-Axis: Percent of Arthropods, Sites Included: East Carolina University, NC State University"
166,2019-02-05,04:53:19,10.1.50.1,mapsAndGraphs,"Dynamically Generated Phenology CSV","Y-Axis: Percent of Surveys, Lines: All arthropods at East Carolina University in 2018; All arthropods at East Carolina University in 2018;"
167,2019-02-05,16:00:05,10.1.50.1,dataDownload,"Dynamically Generated CSV","Site: 71, YearStart: 2018, YearEnd: 2018, Arthropod: All"
168,2019-02-05,16:01:52,10.1.50.1,dataDownload,"Dynamically Generated CSV","Site: 70, YearStart: 2018, YearEnd: 2018, Arthropod: All"
169,2019-02-05,16:02:44,10.1.50.1,dataDownload,"Dynamically Generated CSV","Site: 72, YearStart: 2018, YearEnd: 2018, Arthropod: All"
170,2019-02-05,17:38:58,10.1.51.1,mapsAndGraphs,"Dynamically Generated Phenology CSV","Y-Axis: Arthropods Per Survey, Lines: Caterpillars at Linda Loring Nature Foundation in 2018; Ants at BBS 63-031-05 in 2010;"
171,2019-02-05,17:46:42,10.1.51.1,dataDownload,"Dynamically Generated CSV","Site: 122, YearStart: 2012, YearEnd: 2012, Arthropod: All"
172,2019-02-05,17:47:06,10.1.51.1,dataDownload,"Dynamically Generated CSV","Site: 116, YearStart: 2010, YearEnd: 2010, Arthropod: All"
173,2019-02-05,17:54:22,10.1.51.1,mapsAndGraphs,"Dynamically Generated Phenology CSV","Y-Axis: Percent of Surveys, Lines: Caterpillars at Prairie Ridge Ecostation in 2018; All arthropods at CawCaw Interpretive Center in 2018;"
174,2019-02-05,18:08:54,10.1.51.1,mapsAndGraphs,"Dynamically Generated Composition CSV","X-Axis: site, Y-Axis: Percent of Arthropods, Sites Included: Prairie Ridge Ecostation, CawCaw Interpretive Center"
175,2019-02-05,18:25:04,10.1.51.1,mapsAndGraphs,"Dynamically Generated Composition CSV","X-Axis: site, Y-Axis: Percent of Arthropods, Sites Included: Prairie Ridge Ecostation, CawCaw Interpretive Center"
176,2019-02-05,18:26:09,10.1.51.1,mapsAndGraphs,"Dynamically Generated Phenology CSV","Y-Axis: Percent of Surveys, Lines: Caterpillars at Prairie Ridge Ecostation in 2018; All arthropods at CawCaw Interpretive Center in 2018;"
177,2019-02-05,20:15:09,10.1.49.1,identificationSkills,ArthropodIDGuide.pdf,
178,2019-02-06,00:18:44,10.1.50.1,dataDownload,"Dynamically Generated CSV","Site: 67, YearStart: 2018, YearEnd: 2018, Arthropod: All"
179,2019-02-06,00:35:26,10.1.50.1,dataDownload,"Dynamically Generated CSV","Site: 67, YearStart: 2018, YearEnd: 2018, Arthropod: spider"
180,2019-02-06,05:30:59,10.1.51.1,identificationSkills/index.html,,
181,2019-02-06,05:34:11,10.1.51.1,identificationSkills/index.html,,
182,2019-02-06,14:53:19,10.1.50.1,identificationSkills/index.html,,
183,2019-02-07,14:31:04,10.1.49.1,identificationSkills/index.html,,
184,2019-02-07,14:38:16,10.1.49.1,identificationSkills/index.html,,
185,2019-02-07,14:39:46,10.1.49.1,conductASurvey,paperDataSheet.pdf,
186,2019-02-07,16:28:59,10.1.51.1,resources,GettingStarted.pdf,
187,2019-02-07,16:30:30,10.1.51.1,resources,TrainingParticipants.pdf,
188,2019-02-08,14:18:04,10.1.51.1,identificationSkills/index.html,,
189,2019-02-08,14:56:35,10.1.50.1,resources,TrainingParticipants.pdf,
190,2019-02-10,09:03:47,10.1.51.1,identificationSkills/index.html,,
191,2019-02-10,09:04:35,10.1.51.1,identificationSkills/index.html,,
192,2019-02-10,16:05:05,10.1.49.1,resources,"Building A Beat Sheet.pdf",
193,2019-02-10,16:11:22,10.1.49.1,resources,paperDataSheet.pdf,
194,2019-02-10,21:03:02,10.1.50.1,identificationSkills/index.html,,
195,2019-02-11,13:50:13,10.1.50.1,conductASurvey,paperDataSheet.pdf,
196,2019-02-12,11:09:48,10.1.51.1,identificationSkills/index.html,,
197,2019-02-12,18:44:54,10.1.50.1,resources,"Building A Beat Sheet.pdf",
198,2019-02-12,18:46:45,10.1.49.1,identificationSkills/index.html,,
199,2019-02-14,03:26:13,10.1.50.1,resources,GettingStarted.pdf,
200,2019-02-14,03:26:58,10.1.50.1,resources,paperDataSheet.pdf,
201,2019-02-14,14:21:33,10.1.50.1,resources,GettingStarted.pdf,
202,2019-02-14,14:21:45,10.1.50.1,resources,TrainingParticipants.pdf,
203,2019-02-14,14:23:41,10.1.50.1,resources,paperDataSheet.pdf,
204,2019-02-14,14:23:47,10.1.50.1,resources,"Building A Beat Sheet.pdf",
205,2019-02-14,14:24:03,10.1.50.1,resources,GettingStarted.pdf,
206,2019-02-15,13:01:12,10.1.50.1,resources,GettingStarted.pdf,
207,2019-02-15,13:01:32,10.1.50.1,resources,TrainingParticipants.pdf,
208,2019-02-15,18:20:50,10.1.50.1,resources,ManageMySurveysGuide.pdf,
209,2019-02-16,21:19:21,10.1.49.1,resources,"Phenology Across Trophic Levels lesson plan.pdf",
210,2019-02-18,15:42:20,10.1.50.1,identificationSkills,"Dichotomous Keys to Arthropod Orders.pdf",
211,2019-02-18,15:43:11,10.1.50.1,identificationSkills,ArthropodIDGuide.pdf,
212,2019-02-19,19:47:20,10.1.49.1,identificationSkills/index.html,,
213,2019-02-19,19:47:35,10.1.49.1,identificationSkills/index.html,,
214,2019-02-19,19:56:54,10.1.50.1,resources,ManageMySurveysGuide.pdf,
215,2019-02-20,00:04:22,10.1.51.1,resources,MSPhenology.pdf,
216,2019-02-20,00:05:28,10.1.51.1,resources,MSPhenology.pdf,
217,2019-02-20,00:05:32,10.1.51.1,resources,"Phenology Across Trophic Levels lesson plan.pdf",
218,2019-02-20,16:29:29,10.1.49.1,conductASurvey,paperDataSheet.pdf,
219,2019-02-22,00:06:34,10.1.50.1,identificationSkills/index.html,,
220,2019-02-22,00:59:27,10.1.49.1,identificationSkills,ArthropodIDGuide.pdf,
221,2019-02-22,01:00:07,10.1.49.1,identificationSkills,ArthropodIDGuide.pdf,
222,2019-02-22,14:26:18,10.1.50.1,identificationSkills,ArthropodIDGuide.pdf,
223,2019-02-22,15:21:02,10.1.50.1,identificationSkills/index.html,,
224,2019-02-22,16:04:43,10.1.50.1,identificationSkills/index.html,,
225,2019-02-22,16:11:32,10.1.51.1,resources,"Data Exploration.pdf",
226,2019-02-22,16:14:12,10.1.51.1,dataDownload,"Dynamically Generated CSV","Site: 104, YearStart: 2018, YearEnd: 2018, Arthropod: All"
227,2019-02-22,16:28:55,10.1.51.1,identificationSkills/index.html,,
228,2019-02-22,16:37:15,10.1.49.1,identificationSkills/index.html,,
229,2019-02-22,17:40:05,10.1.49.1,resources,GettingStarted.pdf,
230,2019-02-22,17:40:39,10.1.49.1,resources,TrainingParticipants.pdf,
231,2019-02-22,17:43:28,10.1.49.1,identificationSkills/index.html,,
232,2019-02-22,17:48:05,10.1.49.1,resources,TrainingParticipants.pdf,
233,2019-02-22,17:52:47,10.1.49.1,conductASurvey,paperDataSheet.pdf,
234,2019-02-22,17:59:15,10.1.49.1,conductASurvey,paperDataSheet.pdf,
235,2019-02-22,18:15:19,10.1.49.1,identificationSkills/index.html,,
236,2019-02-22,18:58:43,10.1.50.1,identificationSkills/index.html,,
237,2019-02-22,18:58:56,10.1.50.1,identificationSkills/index.html,,
238,2019-02-22,18:59:21,10.1.50.1,identificationSkills/index.html,,
239,2019-02-22,19:30:00,10.1.51.1,conductASurvey/index.html,,
240,2019-02-22,21:53:38,10.1.51.1,resources,"Vernal Pool Ruggles 2007.pdf",
241,2019-02-23,11:30:13,10.1.50.1,identificationSkills,ArthropodIDGuide.pdf,
242,2019-02-23,11:31:59,10.1.50.1,identificationSkills,"Dichotomous Keys to Arthropod Orders.pdf",
243,2019-02-23,17:33:51,10.1.51.1,identificationSkills/index.html,,
244,2019-02-24,16:06:03,10.1.50.1,conductASurvey,paperDataSheet.pdf,
245,2019-02-25,00:09:12,10.1.49.1,resources,"Building A Beat Sheet.pdf",
246,2019-02-25,11:42:43,10.1.49.1,resources,TrainingParticipants.pdf,
247,2019-02-25,23:25:13,10.1.49.1,identificationSkills/index.html,,
248,2019-02-26,11:34:54,10.1.49.1,resources,GettingStarted.pdf,
249,2019-02-26,11:35:02,10.1.49.1,resources,TrainingParticipants.pdf,
250,2019-02-26,11:36:23,10.1.49.1,identificationSkills,ArthropodIDGuide.pdf,
251,2019-02-26,11:36:35,10.1.49.1,identificationSkills,"Dichotomous Keys to Arthropod Orders.pdf",
252,2019-02-26,14:10:05,10.1.50.1,identificationSkills/index.html,,
253,2019-02-26,16:27:52,10.1.50.1,resources,TrainingParticipants.pdf,
254,2019-02-26,16:28:04,10.1.50.1,resources,TrainingParticipants.pdf,
255,2019-02-26,16:28:11,10.1.50.1,resources,TrainingParticipants.pdf,
256,2019-02-26,16:28:22,10.1.50.1,identificationSkills,ArthropodIDGuide.pdf,
257,2019-02-26,16:28:38,10.1.50.1,resources,MSPhenology.pdf,
258,2019-02-26,16:29:18,10.1.50.1,identificationSkills,ArthropodIDGuide.pdf,
259,2019-02-26,20:14:34,10.1.49.1,resources,TrainingParticipants.pdf,
260,2019-02-27,00:53:53,10.1.49.1,conductASurvey,paperDataSheet.pdf,
261,2019-02-27,01:30:12,10.1.49.1,identificationSkills,ArthropodIDGuide.pdf,
262,2019-02-27,12:58:57,10.1.50.1,conductASurvey,paperDataSheet.pdf,
263,2019-02-27,21:15:13,10.1.49.1,identificationSkills/index.html,,
264,2019-02-27,22:57:22,10.1.50.1,identificationSkills/index.html,,
265,2019-02-27,22:57:56,10.1.50.1,identificationSkills/index.html,,
266,2019-02-27,23:08:20,10.1.50.1,identificationSkills/index.html,,
267,2019-02-28,18:08:34,10.1.49.1,identificationSkills/index.html,,
268,2019-03-01,03:57:59,10.1.49.1,identificationSkills/index.html,,
269,2019-03-01,14:16:15,10.1.49.1,identificationSkills/index.html,,
270,2019-03-01,20:06:10,10.1.50.1,resources,"Vernal Pool Ruggles 2007.pdf",
271,2019-03-01,20:11:00,10.1.50.1,resources,hotOrCold.pdf,
272,2019-03-01,20:11:43,10.1.50.1,resources,GettingStarted.pdf,
273,2019-03-01,20:13:37,10.1.50.1,resources,MSPhenology.pdf,
274,2019-03-01,22:53:05,10.1.49.1,conductASurvey,paperDataSheet.pdf,
275,2019-03-04,13:40:14,10.1.51.1,resources,GettingStarted.pdf,
276,2019-03-04,14:11:24,10.1.51.1,mapsAndGraphs,"Dynamically Generated Map CSV","Comparison Metric: Occurrence (%), Observation Method: All, Arthropod Group: Caterpillars, Minimum Length (mm): 0, Plant Species: All, Wet Leaves: true, Month Start: 1, Month End: 12, Year Start: 2010, YearEnd: 2019"
277,2019-03-04,18:29:28,10.1.51.1,identificationSkills,ArthropodIDGuide.pdf,
278,2019-03-05,21:39:32,10.1.49.1,identificationSkills/index.html,,
279,2019-03-05,21:40:27,10.1.49.1,identificationSkills/index.html,,
280,2019-03-05,21:45:25,10.1.49.1,identificationSkills/index.html,,
281,2019-03-05,21:55:51,10.1.49.1,identificationSkills/index.html,,
282,2019-03-05,21:55:54,10.1.49.1,identificationSkills/index.html,,
283,2019-03-06,01:24:56,10.1.49.1,identificationSkills,ArthropodIDGuide.pdf,
284,2019-03-06,22:28:38,10.1.50.1,identificationSkills,ArthropodIDGuide.pdf,
285,2019-03-06,22:29:14,10.1.50.1,identificationSkills,"Dichotomous Keys to Arthropod Orders.pdf",
286,2019-03-06,22:37:11,10.1.50.1,dataDownload,"Dynamically Generated CSV","Site: 44, YearStart: 2019, YearEnd: 2019, Arthropod: moths"
287,2019-03-07,02:42:38,10.1.49.1,resources,ManageMySurveysGuide.pdf,
288,2019-03-07,03:42:19,10.1.49.1,resources,TrainingParticipants.pdf,
289,2019-03-07,03:43:49,10.1.49.1,resources,GettingStarted.pdf,
290,2019-03-07,16:20:27,10.1.50.1,identificationSkills,"Dichotomous Keys to Arthropod Orders.pdf",
291,2019-03-07,16:41:15,10.1.49.1,conductASurvey/index.html,,
292,2019-03-07,18:35:55,10.1.50.1,conductASurvey,paperDataSheet.pdf,
293,2019-03-07,22:20:55,10.1.49.1,dataDownload,"Dynamically Generated CSV","Site: All, YearStart: 2014, YearEnd: 2019, Arthropod: caterpillar"
294,2019-03-07,23:43:53,10.1.51.1,identificationSkills,ArthropodIDGuide.pdf,
295,2019-03-07,23:44:21,10.1.51.1,identificationSkills,"Dichotomous Keys to Arthropod Orders.pdf",
296,2019-03-08,18:13:31,10.1.49.1,resources,TrainingParticipants.pdf,
297,2019-03-08,18:14:22,10.1.49.1,resources,GettingStarted.pdf,
298,2019-03-09,01:22:43,10.1.51.1,identificationSkills/index.html,,
299,2019-03-09,01:24:05,10.1.51.1,identificationSkills/index.html,,
300,2019-03-09,01:25:05,10.1.51.1,identificationSkills/index.html,,
301,2019-03-09,07:40:10,10.1.51.1,identificationSkills,ArthropodIDGuide.pdf,
302,2019-03-09,07:40:16,10.1.51.1,identificationSkills,"Dichotomous Keys to Arthropod Orders.pdf",
303,2019-03-09,07:41:09,10.1.51.1,resources,ManageMySurveysGuide.pdf,
304,2019-03-09,16:20:47,10.1.51.1,identificationSkills/index.html,,
305,2019-03-09,16:47:24,10.1.51.1,identificationSkills/index.html,,
306,2019-03-11,20:16:21,10.1.49.1,resources,TrainingParticipants.pdf,
307,2019-03-12,16:33:14,10.1.49.1,identificationSkills/index.html,,
308,2019-03-12,20:09:33,10.1.50.1,identificationSkills,ArthropodIDGuide.pdf,
309,2019-03-12,20:12:02,10.1.50.1,identificationSkills,"Dichotomous Keys to Arthropod Orders.pdf",
310,2019-03-13,03:12:51,10.1.49.1,conductASurvey,paperDataSheet.pdf,
311,2019-03-13,03:22:40,10.1.49.1,identificationSkills/index.html,,
312,2019-03-13,13:14:00,10.1.50.1,identificationSkills,ArthropodIDGuide.pdf,
313,2019-03-13,18:15:15,10.1.50.1,resources,VisualSurveyTestBranch.pdf,
314,2019-03-13,18:25:56,10.1.50.1,resources,"Data Exploration.pdf",
315,2019-03-13,23:27:05,10.1.50.1,conductASurvey,paperDataSheet.pdf,
316,2019-03-14,01:55:58,10.1.50.1,identificationSkills/index.html,,
317,2019-03-14,01:56:43,10.1.50.1,identificationSkills/index.html,,
318,2019-03-15,15:36:47,10.1.51.1,resources,"Building A Beat Sheet.pdf",
319,2019-03-15,15:39:33,10.1.51.1,resources,"Building A Beat Sheet.pdf",
320,2019-03-15,15:49:41,10.1.51.1,resources,VisualSurveyTestBranch.pdf,
321,2019-03-15,17:48:50,10.1.50.1,resources,MSPhenology.pdf,
322,2019-03-16,14:03:43,10.1.51.1,identificationSkills/index.html,,
323,2019-03-17,00:02:27,10.1.51.1,identificationSkills,"Dichotomous Keys to Arthropod Orders.pdf",
324,2019-03-17,13:50:59,10.1.50.1,identificationSkills/index.html,,
325,2019-03-17,19:28:36,10.1.50.1,identificationSkills,ArthropodIDGuide.pdf,
326,2019-03-17,19:30:26,10.1.50.1,identificationSkills,"Dichotomous Keys to Arthropod Orders.pdf",
327,2019-03-17,19:43:03,10.1.50.1,resources,GettingStarted.pdf,
328,2019-03-17,19:45:28,10.1.50.1,resources,TrainingParticipants.pdf,
329,2019-03-17,20:07:06,10.1.51.1,mapsAndGraphs,"Dynamically Generated Phenology CSV","Y-Axis: Percent of Surveys, Lines: Ants at NC State University in 2018; Ants at NC State University in 2018; Caterpillars at NC State University in 2018; Caterpillars at NC State University in 2018;"
330,2019-03-17,20:07:36,10.1.51.1,mapsAndGraphs,"Dynamically Generated Map CSV","Comparison Metric: Density, Observation Method: All, Arthropod Group: Ants, Minimum Length (mm): 0, Plant Species: All, Wet Leaves: false, Month Start: 1, Month End: 12, Year Start: 2015, YearEnd: 2019"
331,2019-03-17,20:09:36,10.1.51.1,dataDownload,"Dynamically Generated CSV","Site: 77, YearStart: 2016, YearEnd: 2018, Arthropod: bee"
332,2019-03-17,20:29:51,10.1.50.1,dataDownload,"Dynamically Generated CSV","Site: 93, YearStart: 2018, YearEnd: 2018, Arthropod: All"
333,2019-03-17,20:36:45,10.1.50.1,resources,VisualSurveyTestBranch.pdf,
334,2019-03-17,20:38:59,10.1.50.1,resources,VisualSurveyTestBranch.pdf,
335,2019-03-18,20:37:03,10.1.49.1,resources,TrainingParticipants.pdf,
336,2019-03-19,13:07:33,10.1.50.1,resources,VisualSurveyTestBranch.pdf,
337,2019-03-19,14:31:39,10.1.50.1,resources,TrainingParticipants.pdf,
338,2019-03-19,14:32:37,10.1.50.1,resources,TrainingParticipants.pdf,
339,2019-03-19,14:32:44,10.1.50.1,resources,TrainingParticipants.pdf,
340,2019-03-19,14:32:56,10.1.50.1,resources,TrainingParticipants.pdf,
341,2019-03-19,14:33:04,10.1.50.1,resources,TrainingParticipants.pdf,
342,2019-03-19,14:33:16,10.1.50.1,resources,TrainingParticipants.pdf,
343,2019-03-19,14:33:19,10.1.50.1,resources,VisualSurveyTestBranch.pdf,
344,2019-03-19,14:35:22,10.1.50.1,resources,VisualSurveyTestBranch.pdf,
345,2019-03-19,14:37:14,10.1.50.1,resources,VisualSurveyTestBranch.pdf,
346,2019-03-19,14:40:36,10.1.50.1,resources,TrainingParticipants.pdf,
347,2019-03-19,14:48:31,10.1.50.1,identificationSkills,ArthropodIDGuide.pdf,
348,2019-03-19,14:56:46,10.1.50.1,resources,TrainingParticipants.pdf,
349,2019-03-19,14:57:15,10.1.50.1,resources,TrainingParticipants.pdf,
350,2019-03-19,17:47:23,10.1.49.1,identificationSkills,"Dichotomous Keys to Arthropod Orders.pdf",
351,2019-03-20,13:28:13,10.1.50.1,resources,"Arthropod Food Web lesson plan.pdf",
352,2019-03-20,13:29:11,10.1.50.1,identificationSkills,ArthropodIDGuide.pdf,
353,2019-03-20,14:00:48,10.1.51.1,resources,"Data Exploration.pdf",
354,2019-03-20,17:00:59,10.1.50.1,identificationSkills,ArthropodIDGuide.pdf,
355,2019-03-20,17:03:01,10.1.50.1,identificationSkills,"Dichotomous Keys to Arthropod Orders.pdf",
356,2019-03-20,17:04:30,10.1.50.1,conductASurvey,paperDataSheet.pdf,
357,2019-03-20,18:06:37,10.1.51.1,identificationSkills/index.html,,
358,2019-03-21,01:10:35,10.1.51.1,identificationSkills/index.html,,
359,2019-03-21,01:12:10,10.1.51.1,identificationSkills/index.html,,
360,2019-03-21,13:58:43,10.1.49.1,identificationSkills/index.html,,
361,2019-03-21,13:58:46,10.1.49.1,identificationSkills/index.html,,
362,2019-03-21,14:03:32,10.1.49.1,identificationSkills/index.html,,
363,2019-03-21,14:35:17,10.1.51.1,identificationSkills,"Dichotomous Keys to Arthropod Orders.pdf",
364,2019-03-21,15:43:22,10.1.50.1,resources,TrainingParticipants.pdf,
365,2019-03-21,15:44:15,10.1.50.1,identificationSkills,ArthropodIDGuide.pdf,
366,2019-03-21,15:45:23,10.1.50.1,resources,VisualSurveyTestBranch.pdf,
367,2019-03-21,15:46:32,10.1.50.1,resources,"Building A Beat Sheet.pdf",
368,2019-03-21,15:47:06,10.1.50.1,resources,ManageMySurveysGuide.pdf,
369,2019-03-21,15:48:14,10.1.50.1,resources,"Data Exploration.pdf",
370,2019-03-22,01:55:01,10.1.50.1,identificationSkills/index.html,,
371,2019-03-22,01:55:27,10.1.50.1,identificationSkills/index.html,,
372,2019-03-22,14:17:58,10.1.50.1,resources,"Vernal Pool Ruggles 2007.pdf",
373,2019-03-22,14:18:51,10.1.50.1,resources,TrainingParticipants.pdf,
374,2019-03-22,14:19:49,10.1.50.1,identificationSkills,ArthropodIDGuide.pdf,
375,2019-03-22,15:05:58,10.1.49.1,identificationSkills,ArthropodIDGuide.pdf,
376,2019-03-22,18:08:12,10.1.49.1,conductASurvey,paperDataSheet.pdf,
377,2019-03-23,01:14:11,10.1.51.1,identificationSkills,ArthropodIDGuide.pdf,
378,2019-03-23,01:14:40,10.1.51.1,identificationSkills,"Dichotomous Keys to Arthropod Orders.pdf",
379,2019-03-23,01:37:02,10.1.50.1,resources,MSPhenology.pdf,
380,2019-03-23,03:17:25,10.1.49.1,identificationSkills,ArthropodIDGuide.pdf,
381,2019-03-23,03:21:25,10.1.49.1,identificationSkills,ArthropodIDGuide.pdf,
382,2019-03-23,13:50:05,10.1.50.1,resources,"Phenology Across Trophic Levels lesson plan.pdf",
383,2019-03-23,13:53:35,10.1.50.1,resources,"Data Exploration.pdf",
384,2019-03-23,15:49:47,10.1.50.1,identificationSkills,ArthropodIDGuide.pdf,
385,2019-03-23,20:45:39,10.1.50.1,identificationSkills/index.html,,
386,2019-03-23,20:45:57,10.1.50.1,identificationSkills/index.html,,
387,2019-03-23,20:46:02,10.1.50.1,identificationSkills/index.html,,
388,2019-03-23,20:55:43,10.1.50.1,identificationSkills/index.html,,
389,2019-03-24,00:18:20,10.1.50.1,identificationSkills,"Dichotomous Keys to Arthropod Orders.pdf",
390,2019-03-24,02:17:28,10.1.49.1,identificationSkills,ArthropodIDGuide.pdf,
391,2019-03-25,12:21:47,10.1.50.1,resources,GettingStarted.pdf,
392,2019-03-25,14:30:57,10.1.50.1,resources,TrainingParticipants.pdf,
393,2019-03-25,16:22:58,10.1.49.1,identificationSkills,ArthropodIDGuide.pdf,
394,2019-03-25,16:24:03,10.1.49.1,identificationSkills,ArthropodIDGuide.pdf,
395,2019-03-25,16:24:11,10.1.49.1,identificationSkills,"Dichotomous Keys to Arthropod Orders.pdf",
396,2019-03-25,18:21:25,10.1.50.1,identificationSkills/index.html,,
397,2019-03-25,23:15:44,10.1.49.1,dataDownload,"Dynamically Generated CSV","Site: 78, YearStart: 2017, YearEnd: 2018, Arthropod: caterpillar"
398,2019-03-25,23:41:42,10.1.50.1,dataDownload,"Dynamically Generated CSV","Site: All, YearStart: 2010, YearEnd: 2019, Arthropod: caterpillar"
399,2019-03-26,00:34:17,10.1.49.1,mapsAndGraphs,"Dynamically Generated Map CSV","Comparison Metric: Occurrence (%), Observation Method: All, Arthropod Group: Caterpillars, Minimum Length (mm): 0, Plant Species: All, Wet Leaves: true, Month Start: 1, Month End: 12, Year Start: NaN, YearEnd: 2019"
400,2019-03-26,01:11:22,10.1.49.1,conductASurvey,paperDataSheet.pdf,
401,2019-03-26,01:26:06,10.1.51.1,identificationSkills/index.html,,
402,2019-03-26,03:07:57,10.1.50.1,identificationSkills,ArthropodIDGuide.pdf,
403,2019-03-26,11:25:23,10.1.51.1,identificationSkills/index.html,,
404,2019-03-26,16:59:22,10.1.49.1,identificationSkills/index.html,,
405,2019-03-26,17:04:59,10.1.49.1,identificationSkills/index.html,,
406,2019-03-26,18:33:07,10.1.49.1,identificationSkills,ArthropodIDGuide.pdf,
407,2019-03-26,19:11:27,10.1.49.1,dataDownload,"Dynamically Generated CSV","Site: 76, YearStart: 2018, YearEnd: 2018, Arthropod: All"
408,2019-03-26,19:35:51,10.1.51.1,mapsAndGraphs,"Dynamically Generated Phenology CSV","Y-Axis: Percent of Surveys, Lines:"
409,2019-03-26,19:35:54,10.1.49.1,mapsAndGraphs,"Dynamically Generated Phenology CSV","Y-Axis: Percent of Surveys, Lines:"
410,2019-03-26,20:55:26,10.1.50.1,identificationSkills,ArthropodIDGuide.pdf,
411,2019-03-26,21:02:35,10.1.50.1,mapsAndGraphs,"Dynamically Generated Phenology CSV","Y-Axis: Percent of Surveys, Lines: Caterpillars at NC Botanical Garden in 2018;"
412,2019-03-26,22:18:20,10.1.51.1,mapsAndGraphs,"Dynamically Generated Phenology CSV","Y-Axis: Percent of Surveys, Lines: Caterpillars at NC Botanical Garden in 2018;"
413,2019-03-26,22:18:21,10.1.51.1,mapsAndGraphs,"Dynamically Generated Phenology CSV","Y-Axis: Percent of Surveys, Lines: Caterpillars at NC Botanical Garden in 2018;"
414,2019-03-26,22:38:51,10.1.50.1,identificationSkills/index.html,,
415,2019-03-27,02:49:17,10.1.50.1,identificationSkills,ArthropodIDGuide.pdf,
416,2019-03-27,02:53:27,10.1.49.1,identificationSkills/index.html,,
417,2019-03-27,03:35:23,10.1.51.1,mapsAndGraphs,"Dynamically Generated Phenology CSV","Y-Axis: Percent of Surveys, Lines: Caterpillars at UNC Chapel Hill Campus in 2018;"
418,2019-03-27,15:08:11,10.1.51.1,mapsAndGraphs,"Dynamically Generated Map CSV","Comparison Metric: Occurrence (%), Observation Method: All, Arthropod Group: Caterpillars, Minimum Length (mm): 0, Plant Species: All, Wet Leaves: true, Month Start: 1, Month End: 12, Year Start: 2010, YearEnd: 2019"
419,2019-03-27,15:22:07,10.1.51.1,identificationSkills/index.html,,
420,2019-03-27,15:57:45,10.1.51.1,conductASurvey,paperDataSheet.pdf,
421,2019-03-27,16:40:49,10.1.51.1,identificationSkills/index.html,,
422,2019-03-27,16:41:40,10.1.51.1,identificationSkills/index.html,,
423,2019-03-27,17:00:45,10.1.49.1,identificationSkills,ArthropodIDGuide.pdf,
424,2019-03-27,20:10:08,10.1.51.1,identificationSkills/index.html,,
425,2019-03-27,20:33:06,10.1.50.1,identificationSkills/index.html,,
426,2019-03-27,20:37:00,10.1.51.1,resources,ManageMySurveysGuide.pdf,
427,2019-03-27,20:45:12,10.1.50.1,conductASurvey,paperDataSheet.pdf,
428,2019-03-27,20:53:27,10.1.51.1,identificationSkills,ArthropodIDGuide.pdf,
429,2019-03-27,21:35:31,10.1.50.1,identificationSkills,ArthropodIDGuide.pdf,
430,2019-03-27,22:09:34,10.1.49.1,identificationSkills,ArthropodIDGuide.pdf,
431,2019-03-27,22:10:20,10.1.51.1,identificationSkills,ArthropodIDGuide.pdf,
432,2019-03-27,23:27:16,10.1.51.1,identificationSkills,ArthropodIDGuide.pdf,
433,2019-03-28,00:04:04,10.1.49.1,mapsAndGraphs,"Dynamically Generated Phenology CSV","Y-Axis: Arthropods Per Survey, Lines: Caterpillars at Ijams Nature Center in 2019;"
434,2019-03-28,00:09:20,10.1.51.1,identificationSkills/index.html,,
435,2019-03-28,00:50:37,10.1.50.1,identificationSkills,ArthropodIDGuide.pdf,
436,2019-03-28,01:16:43,10.1.49.1,dataDownload,"Dynamically Generated CSV","Site: 60, YearStart: 2018, YearEnd: 2018, Arthropod: caterpillar"
437,2019-03-28,01:47:37,10.1.50.1,dataDownload,"Dynamically Generated CSV","Site: 74, YearStart: 2017, YearEnd: 2017, Arthropod: All"
438,2019-03-28,01:52:07,10.1.49.1,identificationSkills,ArthropodIDGuide.pdf,
439,2019-03-28,02:13:28,10.1.50.1,conductASurvey,paperDataSheet.pdf,
440,2019-03-28,02:14:12,10.1.50.1,identificationSkills/index.html,,
441,2019-03-28,02:18:39,10.1.50.1,resources,VisualSurveyTestBranch.pdf,
442,2019-03-28,02:20:49,10.1.50.1,resources,MSPhenology.pdf,
443,2019-03-28,02:21:03,10.1.50.1,resources,"Arthropod Food Web lesson plan.pdf",
444,2019-03-28,02:29:11,10.1.51.1,mapsAndGraphs,"Dynamically Generated Phenology CSV","Y-Axis: Percent of Surveys, Lines: Caterpillars at NC Botanical Garden in 2018;"
445,2019-03-28,02:41:37,10.1.51.1,identificationSkills/index.html,,
446,2019-03-28,02:55:27,10.1.51.1,identificationSkills/index.html,,
447,2019-03-28,02:56:12,10.1.51.1,identificationSkills,ArthropodIDGuide.pdf,
448,2019-03-28,02:56:53,10.1.51.1,resources,TrainingParticipants.pdf,
449,2019-03-28,03:08:05,10.1.49.1,conductASurvey,paperDataSheet.pdf,
450,2019-03-28,03:23:22,10.1.51.1,identificationSkills,ArthropodIDGuide.pdf,
451,2019-03-28,03:26:45,10.1.49.1,mapsAndGraphs,"Dynamically Generated Phenology CSV","Y-Axis: Percent of Surveys, Lines: Caterpillars at NC Botanical Garden in 2018;"
452,2019-03-28,03:44:30,10.1.51.1,identificationSkills,ArthropodIDGuide.pdf,
453,2019-03-28,15:17:47,10.1.51.1,conductASurvey,paperDataSheet.pdf,
454,2019-03-28,15:35:30,10.1.50.1,conductASurvey,paperDataSheet.pdf,
455,2019-03-28,16:06:28,10.1.50.1,identificationSkills,ArthropodIDGuide.pdf,
456,2019-03-28,16:42:08,10.1.49.1,identificationSkills,ArthropodIDGuide.pdf,
457,2019-03-28,16:42:48,10.1.49.1,identificationSkills,"Dichotomous Keys to Arthropod Orders.pdf",
458,2019-03-28,17:17:53,10.1.51.1,identificationSkills,ArthropodIDGuide.pdf,
459,2019-03-28,17:19:22,10.1.51.1,resources,VisualSurveyTestBranch.pdf,
460,2019-03-28,18:34:25,10.1.50.1,conductASurvey,paperDataSheet.pdf,
461,2019-03-28,19:34:33,10.1.50.1,identificationSkills/index.html,,
462,2019-03-28,20:49:54,10.1.50.1,identificationSkills/index.html,,
463,2019-03-28,23:30:40,10.1.51.1,dataDownload,"Dynamically Generated CSV","Site: 78, YearStart: 2015, YearEnd: 2018, Arthropod: caterpillar"
464,2019-03-28,23:58:53,10.1.49.1,mapsAndGraphs,"Dynamically Generated Phenology CSV","Y-Axis: Arthropods Per Survey, Lines: Caterpillars at NC Botanical Garden in 2018;"
465,2019-03-29,01:25:22,10.1.49.1,conductASurvey,paperDataSheet.pdf,
466,2019-03-29,01:35:59,10.1.50.1,conductASurvey,paperDataSheet.pdf,
467,2019-03-29,01:43:11,10.1.50.1,identificationSkills,ArthropodIDGuide.pdf,
468,2019-03-29,01:54:22,10.1.49.1,conductASurvey,paperDataSheet.pdf,
469,2019-03-29,02:18:06,10.1.51.1,identificationSkills,ArthropodIDGuide.pdf,
470,2019-03-29,02:18:12,10.1.49.1,conductASurvey,paperDataSheet.pdf,
471,2019-03-29,02:23:49,10.1.51.1,conductASurvey,paperDataSheet.pdf,
472,2019-03-29,03:06:35,10.1.49.1,mapsAndGraphs,"Dynamically Generated Phenology CSV","Y-Axis: Percent of Surveys, Lines: Caterpillars at NC Botanical Garden in 2018;"
473,2019-03-29,03:41:34,10.1.49.1,mapsAndGraphs,"Dynamically Generated Map CSV","Comparison Metric: Occurrence (%), Observation Method: All, Arthropod Group: Caterpillars, Minimum Length (mm): 0, Plant Species: All, Wet Leaves: true, Month Start: 1, Month End: 12, Year Start: 2010, YearEnd: 2019"
474,2019-03-29,12:44:44,10.1.51.1,resources,"Arthropod Food Web lesson plan.pdf",
475,2019-03-29,12:44:51,10.1.51.1,resources,"Arthropod Food Web lesson plan.pdf",
476,2019-04-01,00:40:29,10.1.49.1,identificationSkills,ArthropodIDGuide.pdf,
477,2019-04-01,19:12:49,10.1.50.1,resources,"Data Exploration.pdf",
478,2019-04-02,06:16:32,10.1.49.1,conductASurvey,paperDataSheet.pdf,
479,2019-04-02,16:32:34,10.1.51.1,conductASurvey,paperDataSheet.pdf,
480,2019-04-02,16:49:05,10.1.49.1,resources,VisualSurveyTestBranch.pdf,
481,2019-04-02,16:50:14,10.1.49.1,resources,TrainingParticipants.pdf,
482,2019-04-02,16:54:16,10.1.51.1,resources,TrainingParticipants.pdf,
483,2019-04-02,16:54:31,10.1.51.1,resources,VisualSurveyTestBranch.pdf,
484,2019-04-02,16:55:00,10.1.51.1,resources,GettingStarted.pdf,
485,2019-04-02,18:55:53,10.1.50.1,identificationSkills,ArthropodIDGuide.pdf,
486,2019-04-02,19:03:31,10.1.50.1,identificationSkills,"Dichotomous Keys to Arthropod Orders.pdf",
487,2019-04-02,20:25:44,10.1.50.1,conductASurvey,paperDataSheet.pdf,
488,2019-04-03,10:58:37,10.1.51.1,identificationSkills/index.html,,
489,2019-04-03,14:46:26,10.1.50.1,resources,ManageMySurveysGuide.pdf,
490,2019-04-03,14:48:36,10.1.51.1,dataDownload,"Dynamically Generated CSV","Site: 67, YearStart: 2018, YearEnd: 2019, Arthropod: All"
491,2019-04-03,16:39:29,10.1.51.1,identificationSkills/index.html,,
492,2019-04-03,17:22:02,10.1.51.1,identificationSkills,ArthropodIDGuide.pdf,
493,2019-04-03,17:23:18,10.1.51.1,resources,VisualSurveyTestBranch.pdf,
494,2019-04-03,18:04:02,10.1.51.1,conductASurvey,paperDataSheet.pdf,
495,2019-04-04,01:31:37,10.1.49.1,identificationSkills,ArthropodIDGuide.pdf,
496,2019-04-04,16:49:43,10.1.49.1,identificationSkills,ArthropodIDGuide.pdf,
497,2019-04-04,17:41:01,10.1.51.1,identificationSkills,ArthropodIDGuide.pdf,
498,2019-04-04,17:41:46,10.1.51.1,identificationSkills,ArthropodIDGuide.pdf,
499,2019-04-04,17:41:54,10.1.51.1,identificationSkills,"Dichotomous Keys to Arthropod Orders.pdf",
500,2019-04-04,18:54:34,10.1.50.1,identificationSkills/index.html,,
501,2019-04-06,15:00:12,10.1.49.1,resources,paperDataSheet.pdf,
502,2019-04-06,15:15:50,10.1.49.1,conductASurvey/index.html,,
503,2019-04-06,15:45:41,10.1.51.1,conductASurvey,paperDataSheet.pdf,
504,2019-04-06,15:50:52,10.1.49.1,resources,"Arthropod Food Web lesson plan.pdf",
505,2019-04-06,15:52:43,10.1.49.1,resources,VisualSurveyTestBranch.pdf,
506,2019-04-08,03:25:27,10.1.50.1,mapsAndGraphs,"Dynamically Generated Composition CSV","X-Axis: site, Y-Axis: Percent of Arthropods, Sites Included: Walker Nature Center"
507,2019-04-08,03:31:58,10.1.50.1,mapsAndGraphs,"Dynamically Generated Phenology CSV","Y-Axis: Arthropods Per Survey, Lines: Caterpillars at Walker Nature Center in 2018;"
508,2019-04-09,02:42:04,10.1.50.1,identificationSkills,ArthropodIDGuide.pdf,
509,2019-04-09,12:18:48,10.1.50.1,identificationSkills/index.html,,
510,2019-04-09,13:28:27,10.1.51.1,identificationSkills,ArthropodIDGuide.pdf,
511,2019-04-09,14:54:09,10.1.51.1,identificationSkills,ArthropodIDGuide.pdf,
512,2019-04-09,14:54:09,10.1.49.1,identificationSkills,ArthropodIDGuide.pdf,
513,2019-04-09,14:54:10,10.1.50.1,identificationSkills,ArthropodIDGuide.pdf,
514,2019-04-09,14:54:11,10.1.51.1,identificationSkills,ArthropodIDGuide.pdf,
515,2019-04-09,14:54:11,10.1.51.1,identificationSkills,ArthropodIDGuide.pdf,
516,2019-04-09,14:54:12,10.1.49.1,identificationSkills,ArthropodIDGuide.pdf,
517,2019-04-09,14:54:12,10.1.50.1,identificationSkills,ArthropodIDGuide.pdf,
518,2019-04-09,14:54:13,10.1.49.1,identificationSkills,ArthropodIDGuide.pdf,
519,2019-04-09,14:54:13,10.1.49.1,identificationSkills,ArthropodIDGuide.pdf,
520,2019-04-09,14:54:13,10.1.50.1,identificationSkills,ArthropodIDGuide.pdf,
521,2019-04-09,14:54:14,10.1.50.1,identificationSkills,"Dichotomous Keys to Arthropod Orders.pdf",
522,2019-04-09,14:54:14,10.1.49.1,identificationSkills,ArthropodIDGuide.pdf,
523,2019-04-09,14:54:14,10.1.49.1,identificationSkills,ArthropodIDGuide.pdf,
524,2019-04-09,14:54:14,10.1.49.1,identificationSkills,ArthropodIDGuide.pdf,
525,2019-04-09,14:54:14,10.1.51.1,identificationSkills,ArthropodIDGuide.pdf,
526,2019-04-09,14:54:14,10.1.49.1,identificationSkills,ArthropodIDGuide.pdf,
527,2019-04-09,14:54:15,10.1.50.1,identificationSkills,ArthropodIDGuide.pdf,
528,2019-04-09,14:54:15,10.1.51.1,identificationSkills,ArthropodIDGuide.pdf,
529,2019-04-09,14:54:15,10.1.49.1,identificationSkills,ArthropodIDGuide.pdf,
530,2019-04-09,14:54:15,10.1.49.1,identificationSkills,ArthropodIDGuide.pdf,
531,2019-04-09,14:54:16,10.1.49.1,identificationSkills,ArthropodIDGuide.pdf,
532,2019-04-09,14:54:17,10.1.51.1,identificationSkills,ArthropodIDGuide.pdf,
533,2019-04-09,14:54:19,10.1.51.1,identificationSkills,ArthropodIDGuide.pdf,
534,2019-04-09,14:54:19,10.1.51.1,identificationSkills,ArthropodIDGuide.pdf,
535,2019-04-09,14:54:21,10.1.49.1,identificationSkills,ArthropodIDGuide.pdf,
536,2019-04-09,14:54:21,10.1.50.1,identificationSkills,ArthropodIDGuide.pdf,
537,2019-04-09,14:54:21,10.1.50.1,identificationSkills,ArthropodIDGuide.pdf,
538,2019-04-09,14:54:22,10.1.50.1,identificationSkills,ArthropodIDGuide.pdf,
539,2019-04-09,14:54:22,10.1.51.1,identificationSkills,ArthropodIDGuide.pdf,
540,2019-04-09,14:54:22,10.1.50.1,identificationSkills/index.html,,
541,2019-04-09,14:54:25,10.1.50.1,identificationSkills,ArthropodIDGuide.pdf,
542,2019-04-09,14:54:27,10.1.50.1,identificationSkills,ArthropodIDGuide.pdf,
543,2019-04-09,14:54:27,10.1.50.1,identificationSkills,ArthropodIDGuide.pdf,
544,2019-04-09,14:54:28,10.1.51.1,identificationSkills,ArthropodIDGuide.pdf,
545,2019-04-09,14:54:29,10.1.50.1,identificationSkills,ArthropodIDGuide.pdf,
546,2019-04-09,14:54:29,10.1.49.1,identificationSkills,ArthropodIDGuide.pdf,
547,2019-04-09,14:54:29,10.1.50.1,identificationSkills,ArthropodIDGuide.pdf,
548,2019-04-09,14:54:32,10.1.49.1,identificationSkills,ArthropodIDGuide.pdf,
549,2019-04-09,14:54:33,10.1.49.1,identificationSkills,ArthropodIDGuide.pdf,
550,2019-04-09,14:54:33,10.1.49.1,identificationSkills,ArthropodIDGuide.pdf,
551,2019-04-09,14:54:34,10.1.50.1,identificationSkills,ArthropodIDGuide.pdf,
552,2019-04-09,14:54:35,10.1.51.1,identificationSkills/index.html,,
553,2019-04-09,14:54:35,10.1.49.1,identificationSkills,ArthropodIDGuide.pdf,
554,2019-04-09,14:54:38,10.1.51.1,identificationSkills/index.html,,
555,2019-04-09,14:54:39,10.1.49.1,identificationSkills,ArthropodIDGuide.pdf,
556,2019-04-09,14:55:06,10.1.50.1,identificationSkills,ArthropodIDGuide.pdf,
557,2019-04-09,14:55:19,10.1.50.1,identificationSkills,"Dichotomous Keys to Arthropod Orders.pdf",
558,2019-04-09,14:55:37,10.1.51.1,identificationSkills/index.html,,
559,2019-04-09,14:55:48,10.1.50.1,identificationSkills,ArthropodIDGuide.pdf,
560,2019-04-09,14:55:54,10.1.49.1,identificationSkills,ArthropodIDGuide.pdf,
561,2019-04-09,14:56:27,10.1.50.1,identificationSkills,ArthropodIDGuide.pdf,
562,2019-04-09,14:56:43,10.1.51.1,identificationSkills,ArthropodIDGuide.pdf,
563,2019-04-09,14:57:04,10.1.50.1,identificationSkills,ArthropodIDGuide.pdf,
564,2019-04-09,14:57:07,10.1.50.1,identificationSkills,"Dichotomous Keys to Arthropod Orders.pdf",
565,2019-04-09,14:57:30,10.1.51.1,identificationSkills,ArthropodIDGuide.pdf,
566,2019-04-09,14:58:25,10.1.51.1,identificationSkills,ArthropodIDGuide.pdf,
567,2019-04-09,14:59:50,10.1.50.1,identificationSkills,ArthropodIDGuide.pdf,
568,2019-04-09,15:00:26,10.1.50.1,identificationSkills,ArthropodIDGuide.pdf,
569,2019-04-09,15:00:59,10.1.50.1,identificationSkills/index.html,,
570,2019-04-09,15:01:23,10.1.49.1,identificationSkills,ArthropodIDGuide.pdf,
571,2019-04-09,15:02:20,10.1.49.1,identificationSkills,ArthropodIDGuide.pdf,
572,2019-04-09,15:02:23,10.1.50.1,identificationSkills,ArthropodIDGuide.pdf,
573,2019-04-09,15:02:28,10.1.49.1,identificationSkills,ArthropodIDGuide.pdf,
574,2019-04-09,15:02:28,10.1.49.1,identificationSkills,ArthropodIDGuide.pdf,
575,2019-04-09,15:02:29,10.1.49.1,identificationSkills,ArthropodIDGuide.pdf,
576,2019-04-09,15:02:33,10.1.50.1,identificationSkills,ArthropodIDGuide.pdf,
577,2019-04-09,15:02:38,10.1.50.1,identificationSkills/index.html,,
578,2019-04-09,15:02:39,10.1.51.1,identificationSkills,ArthropodIDGuide.pdf,
579,2019-04-09,15:02:41,10.1.49.1,identificationSkills,ArthropodIDGuide.pdf,
580,2019-04-09,15:03:38,10.1.51.1,identificationSkills,ArthropodIDGuide.pdf,
581,2019-04-09,15:04:38,10.1.49.1,identificationSkills/index.html,,
582,2019-04-09,15:07:31,10.1.50.1,identificationSkills,ArthropodIDGuide.pdf,
583,2019-04-09,15:11:59,10.1.49.1,resources,VisualSurveyTestBranch.pdf,
584,2019-04-09,15:13:18,10.1.49.1,resources,TrainingParticipants.pdf,
585,2019-04-09,16:30:11,10.1.51.1,resources,VisualSurveyTestBranch.pdf,
586,2019-04-09,17:41:37,10.1.50.1,identificationSkills/index.html,,
587,2019-04-09,17:46:18,10.1.49.1,identificationSkills,ArthropodIDGuide.pdf,
588,2019-04-09,17:46:19,10.1.50.1,identificationSkills,ArthropodIDGuide.pdf,
589,2019-04-09,17:46:19,10.1.49.1,identificationSkills,ArthropodIDGuide.pdf,
590,2019-04-09,17:46:20,10.1.50.1,identificationSkills,ArthropodIDGuide.pdf,
591,2019-04-09,17:46:20,10.1.51.1,identificationSkills,ArthropodIDGuide.pdf,
592,2019-04-09,17:46:21,10.1.49.1,identificationSkills,ArthropodIDGuide.pdf,
593,2019-04-09,17:46:21,10.1.49.1,identificationSkills,ArthropodIDGuide.pdf,
594,2019-04-09,17:46:22,10.1.49.1,identificationSkills,ArthropodIDGuide.pdf,
595,2019-04-09,17:46:22,10.1.49.1,identificationSkills,ArthropodIDGuide.pdf,
596,2019-04-09,17:46:22,10.1.51.1,identificationSkills,ArthropodIDGuide.pdf,
597,2019-04-09,17:46:22,10.1.49.1,identificationSkills,ArthropodIDGuide.pdf,
598,2019-04-09,17:46:23,10.1.49.1,identificationSkills,ArthropodIDGuide.pdf,
599,2019-04-09,17:46:24,10.1.49.1,identificationSkills,ArthropodIDGuide.pdf,
600,2019-04-09,17:46:24,10.1.50.1,identificationSkills,ArthropodIDGuide.pdf,
601,2019-04-09,17:46:25,10.1.51.1,identificationSkills,ArthropodIDGuide.pdf,
602,2019-04-09,17:46:26,10.1.49.1,identificationSkills,ArthropodIDGuide.pdf,
603,2019-04-09,17:46:30,10.1.49.1,identificationSkills,ArthropodIDGuide.pdf,
604,2019-04-09,17:46:31,10.1.51.1,identificationSkills,ArthropodIDGuide.pdf,
605,2019-04-09,17:46:31,10.1.49.1,identificationSkills,ArthropodIDGuide.pdf,
606,2019-04-09,17:46:33,10.1.51.1,identificationSkills,ArthropodIDGuide.pdf,
607,2019-04-09,17:46:34,10.1.51.1,identificationSkills,ArthropodIDGuide.pdf,
608,2019-04-09,17:46:38,10.1.51.1,identificationSkills,ArthropodIDGuide.pdf,
609,2019-04-09,17:46:49,10.1.49.1,identificationSkills,ArthropodIDGuide.pdf,
610,2019-04-09,17:46:58,10.1.49.1,identificationSkills,ArthropodIDGuide.pdf,
611,2019-04-09,17:47:01,10.1.49.1,identificationSkills,"Dichotomous Keys to Arthropod Orders.pdf",
612,2019-04-09,17:47:03,10.1.51.1,identificationSkills,"Dichotomous Keys to Arthropod Orders.pdf",
613,2019-04-09,17:47:08,10.1.51.1,identificationSkills,ArthropodIDGuide.pdf,
614,2019-04-09,17:47:42,10.1.51.1,identificationSkills,ArthropodIDGuide.pdf,
615,2019-04-09,17:47:56,10.1.49.1,identificationSkills,"Dichotomous Keys to Arthropod Orders.pdf",
616,2019-04-09,17:48:02,10.1.49.1,identificationSkills,ArthropodIDGuide.pdf,
617,2019-04-09,17:51:06,10.1.49.1,identificationSkills,ArthropodIDGuide.pdf,
618,2019-04-09,17:51:48,10.1.49.1,identificationSkills,ArthropodIDGuide.pdf,
619,2019-04-09,17:52:07,10.1.51.1,identificationSkills/index.html,,
620,2019-04-09,17:52:17,10.1.51.1,identificationSkills,ArthropodIDGuide.pdf,
621,2019-04-09,17:52:45,10.1.51.1,identificationSkills,ArthropodIDGuide.pdf,
622,2019-04-09,17:52:50,10.1.49.1,identificationSkills,ArthropodIDGuide.pdf,
623,2019-04-09,17:52:53,10.1.49.1,identificationSkills,"Dichotomous Keys to Arthropod Orders.pdf",
624,2019-04-09,17:52:55,10.1.51.1,identificationSkills,ArthropodIDGuide.pdf,
625,2019-04-09,17:52:57,10.1.49.1,identificationSkills,ArthropodIDGuide.pdf,
626,2019-04-09,17:54:06,10.1.49.1,identificationSkills,ArthropodIDGuide.pdf,
627,2019-04-09,17:54:13,10.1.49.1,identificationSkills,ArthropodIDGuide.pdf,
628,2019-04-09,17:54:14,10.1.49.1,identificationSkills,"Dichotomous Keys to Arthropod Orders.pdf",
629,2019-04-09,17:54:33,10.1.49.1,identificationSkills/index.html,,
630,2019-04-09,17:56:58,10.1.51.1,identificationSkills,ArthropodIDGuide.pdf,
631,2019-04-09,18:01:27,10.1.51.1,identificationSkills,ArthropodIDGuide.pdf,
632,2019-04-09,18:09:54,10.1.51.1,identificationSkills,ArthropodIDGuide.pdf,
633,2019-04-09,18:23:28,10.1.51.1,identificationSkills,ArthropodIDGuide.pdf,
634,2019-04-10,18:41:07,10.1.49.1,identificationSkills,ArthropodIDGuide.pdf,
635,2019-04-10,20:14:05,10.1.51.1,identificationSkills,ArthropodIDGuide.pdf,
636,2019-04-10,20:16:53,10.1.51.1,identificationSkills,ArthropodIDGuide.pdf,
